"movie_title","movie_facebook_likes"
"Avatar ",33000
"Spectre ",85000
"The Dark Knight Rises ",164000
"John Carter ",24000
"Tangled ",29000
"Avengers: Age of Ultron ",118000
"Harry Potter and the Half-Blood Prince ",10000
"Batman v Superman: Dawn of Justice ",197000
"Pirates of the Caribbean: Dead Man's Chest ",5000
"The Lone Ranger ",48000
"Man of Steel ",118000
"The Avengers ",123000
"Pirates of the Caribbean: On Stranger Tides ",58000
"Men in Black 3 ",40000
"The Hobbit: The Battle of the Five Armies ",65000
"The Amazing Spider-Man ",56000
"Robin Hood ",17000
"The Hobbit: The Desolation of Smaug ",83000
"Titanic ",26000
"Captain America: Civil War ",72000
"Battleship ",44000
"Jurassic World ",150000
"Skyfall ",80000
"Iron Man 3 ",95000
"Alice in Wonderland ",24000
"Monsters University ",44000
"Transformers: Age of Extinction ",56000
"Oz the Great and Powerful ",60000
"The Amazing Spider-Man 2 ",41000
"TRON: Legacy ",30000
"Cars 2 ",10000
"Green Lantern ",24000
"Toy Story 3 ",30000
"Furious 7 ",94000
"World War Z ",129000
"X-Men: Days of Future Past ",82000
"Star Trek Into Darkness ",92000
"Jack the Giant Slayer ",22000
"The Great Gatsby ",115000
"Prince of Persia: The Sands of Time ",23000
"Pacific Rim ",83000
"Transformers: Dark of the Moon ",46000
"Indiana Jones and the Kingdom of the Crystal Skull ",5000
"The Good Dinosaur ",20000
"Brave ",39000
"Star Trek Beyond ",30000
"WALL·E ",16000
"2012 ",13000
"Jupiter Ascending ",44000
"The Legend of Tarzan ",29000
"X-Men: Apocalypse ",54000
"The Dark Knight ",37000
"Up ",27000
"Iron Man ",10000
"Hugo ",42000
"Suicide Squad ",80000
"Evan Almighty ",2000
"Edge of Tomorrow ",77000
"Inside Out ",118000
"The Jungle Book ",65000
"Iron Man 2 ",18000
"Snow White and the Huntsman ",53000
"Maleficent ",89000
"Dawn of the Planet of the Apes ",45000
"The Lovers ",677
"47 Ronin ",35000
"Captain America: The Winter Soldier ",55000
"Tomorrowland ",37000
"Big Hero 6 ",41000
"Wreck-It Ralph ",40000
"The Polar Express ",10000
"Independence Day: Resurgence ",67000
"How to Train Your Dragon ",33000
"Guardians of the Galaxy ",96000
"Interstellar ",349000
"Inception ",175000
"The Hobbit: An Unexpected Journey ",166000
"The Fast and the Furious ",14000
"The Curious Case of Benjamin Button ",23000
"X-Men: First Class ",54000
"The Hunger Games: Mockingjay - Part 2 ",38000
"The Sorcerer's Apprentice ",11000
"Alice Through the Looking Glass ",30000
"Warcraft ",89000
"Terminator Genisys ",82000
"The Chronicles of Narnia: The Voyage of the Dawn Treader ",11000
"Transformers ",8000
"I Am Legend ",11000
"Ratatouille ",10000
"Batman Begins ",15000
"Night at the Museum: Battle of the Smithsonian ",2000
"Frozen ",58000
"Thor: The Dark World ",63000
"Mad Max: Fury Road ",191000
"Thor ",63000
"Wrath of the Titans ",19000
"Dark Shadows ",82000
"Mission: Impossible - Rogue Nation ",47000
"The Legend of Tarzan ",29000
"Kung Fu Panda 2 ",20000
"The Last Airbender ",18000
"White House Down ",33000
"Pan ",24000
"Mr. Peabody & Sherman ",11000
"Madagascar 3: Europe's Most Wanted ",17000
"Ghostbusters ",62000
"Armageddon ",11000
"Men in Black II ",2000
"Beowulf ",3000
"Kung Fu Panda 3 ",24000
"Mission: Impossible - Ghost Protocol ",35000
"Rise of the Guardians ",25000
"Fun with Dick and Jane ",2000
"Exodus: Gods and Kings ",51000
"Star Trek ",19000
"Spider-Man ",5000
"How to Train Your Dragon 2 ",46000
"Gods of Egypt ",24000
"Watchmen ",18000
"G.I. Joe: Retaliation ",42000
"Captain America: The First Avenger ",46000
"The World Is Not Enough ",2000
"The Twilight Saga: Breaking Dawn - Part 2 ",65000
"The BFG ",27000
"The Revenant ",190000
"Turbo ",13000
"Rango ",26000
"Penguins of Madagascar ",11000
"Kung Fu Panda ",6000
"Ant-Man ",61000
"The Hunger Games: Catching Fire ",82000
"The Twilight Saga: Breaking Dawn - Part 2 ",65000
"Home ",26000
"Puss in Boots ",16000
"Salt ",23000
"Noah ",71000
"The Adventures of Tintin ",44000
"Harry Potter and the Prisoner of Azkaban ",11000
"After Earth ",37000
"Harry Potter and the Deathly Hallows: Part II ",40
"Night at the Museum: Secret of the Tomb ",11000
"Megamind ",13000
"Harry Potter and the Sorcerer's Stone ",16000
"R.I.P.D. ",20000
"Pirates of the Caribbean: The Curse of the Black Pearl ",10000
"Harry Potter and the Deathly Hallows: Part I ",25
"The Hunger Games: Mockingjay - Part 1 ",52000
"Fast Five ",54000
"Sherlock Holmes: A Game of Shadows ",39000
"Clash of the Titans ",15000
"The Bourne Legacy ",31000
"The Day After Tomorrow ",19000
"Life of Pi ",122000
"Jason Bourne ",31000
"Prometheus ",97000
"Stuart Little 2 ",459
"Elysium ",61000
"RoboCop ",60000
"Knight and Day ",11000
"Oblivion ",71000
"Star Wars: Episode III - Revenge of the Sith ",10000
"The Wolverine ",68000
"Star Wars: Episode I - The Phantom Menace ",13000
"The Croods ",28000
"Asterix at the Olympic Games ",291
"The Huntsman: Winter's War ",16000
"Teenage Mutant Ninja Turtles ",62000
"Gravity ",147000
"Teenage Mutant Ninja Turtles: Out of the Shadows ",12000
"Fantastic Four ",41000
"Night at the Museum ",3000
"San Andreas ",52000
"The Patriot ",4000
"Insurgent ",27000
"The Green Hornet ",14000
"300: Rise of an Empire ",71000
"The Smurfs ",31000
"Home on the Range ",304
"Allegiant ",12000
"Real Steel ",36000
"Speed 2: Cruise Control ",894
"Ender's Game ",123000
"The Lord of the Rings: The Fellowship of the Ring ",21000
"The Cat in the Hat ",946
"The Princess and the Frog ",5000
"The Martian ",153000
"Town & Country ",53
"Gladiator ",21000
"Terminator 2: Judgment Day ",13000
"The Other Guys ",16000
"Django Unchained ",199000
"The Expendables 2 ",108000
"Where the Wild Things Are ",11000
"Pan ",24000
"Epic ",17000
"The Tourist ",25000
"End of Days ",2000
"Blood Diamond ",14000
"The Wolf of Wall Street ",138000
"Cloud Atlas ",124000
"Legend of the Guardians: The Owls of Ga'Hoole ",16000
"Hercules ",21000
"The Expendables 3 ",56000
"Point Break ",37000
"Son of the Mask ",881
"In the Heart of the Sea ",27000
"The Adventures of Pluto Nash ",416
"The Peanuts Movie ",33000
"The Spanish Prisoner ",578
"The Flowers of War ",13000
"Black Hawk Down ",10000
"The Campaign ",18000
"The Fifth Element ",18000
"Ice Age: Continental Drift ",14000
"Cinderella ",56000
"The Lovely Bones ",16000
"Finding Nemo ",11000
"The Lord of the Rings: The Return of the King ",16000
"The Lord of the Rings: The Two Towers ",10000
"Seventh Son ",16000
"Transcendence ",37000
"Rise of the Planet of the Apes ",47000
"A Good Day to Die Hard ",66000
"The Alamo ",701
"Cutthroat Island ",1000
"Percy Jackson & the Olympians: The Lightning Thief ",9000
"Unstoppable ",18000
"The Secret Life of Walter Mitty ",70000
"The Departed ",29000
"Mulan ",12000
"The Girl with the Dragon Tattoo ",54000
"Sherlock Holmes ",20000
"Pixels ",39000
"A.I. Artificial Intelligence ",11000
"The Haunted Mansion ",988
"Contact ",15000
"Percy Jackson: Sea of Monsters ",28000
"Now You See Me 2 ",15000
"Rio ",19000
"Volcano ",2000
"The Devil's Own ",979
"Fantastic Four ",41000
"The Nutcracker in 3D ",788
"The Fast and the Furious ",14000
"Cast Away ",23000
"The Three Musketeers ",19000
"Hotel Transylvania ",28000
"Hannibal             ",59000
"Safe House ",19000
"102 Dalmatians ",372
"The Holiday ",19000
"Open Season ",863
"Divergent ",49000
"Meet Joe Black ",10000
"Collateral Damage ",941
"Mirror Mirror ",18000
"Scott Pilgrim vs. the World ",36000
"Nutty Professor II: The Klumps ",374
"Dredd ",46000
"Click ",7000
"Hellboy II: The Golden Army ",3000
"Zodiac ",12000
"The Expendables ",57000
"The Hunger Games ",140000
"The Hangover Part II ",56000
"RED 2 ",22000
"Grown Ups 2 ",14000
"Shutter Island ",53000
"Face/Off ",11000
"Just Go with It ",19000
"Daredevil             ",55000
"The Book of Eli ",20000
"Fury ",82000
"Spirit: Stallion of the Cimarron ",4000
"Déjà Vu ",91
"Hotel Transylvania 2 ",16000
"Fantasia 2000 ",607
"The Time Machine ",3000
"The Legend of Zorro ",951
"What Dreams May Come ",32000
"Evolution ",257
"Looney Tunes: Back in Action ",665
"Babe: Pig in the City ",964
"The Last Witch Hunter ",21000
"Red Planet ",995
"Arthur and the Invisibles ",941
"A Sound of Thunder ",785
"Pompeii ",20000
"Top Cat Begins ",138
"A Beautiful Mind ",29000
"The Lion King ",17000
"Cloudy with a Chance of Meatballs 2 ",15000
"The Little Prince ",31000
"The Adventures of Rocky & Bullwinkle ",413
"The Secret Life of Pets ",36000
"Despicable Me 2 ",56000
"Independence Day ",16000
"Children of Men ",17000
"The Rock ",51000
"50 First Dates ",11000
"Exorcist: The Beginning ",893
"Inspector Gadget ",509
"Now You See Me ",105000
"Grown Ups ",12000
"The Terminal ",16000
"Constantine             ",10000
"Hotel for Dogs ",1000
"The Man from U.N.C.L.E. ",43000
"Immortals ",30000
"Hollywood Homicide ",648
"Monkeybone ",683
"Flight of the Phoenix ",1000
"Minions ",70000
"Sucker Punch ",42000
"Snake Eyes ",880
"The Angry Birds Movie ",14000
"Dr. Dolittle 2 ",266
"Braveheart ",17000
"Driven ",886
"Two Brothers ",2000
"Doctor Dolittle ",694
"xXx ",10000
"The SpongeBob Movie: Sponge Out of Water ",16000
"Ransom ",1000
"Inglourious Basterds ",42000
"Hook ",13000
"Hercules ",21000
"Sleepy Hollow             ",14000
"Alvin and the Chipmunks: The Squeakquel ",2000
"We Were Soldiers ",5000
"Olympus Has Fallen ",45000
"Star Trek: Insurrection ",1000
"Battle Los Angeles ",25000
"Big Fish ",26000
"War Horse ",28000
"The Monuments Men ",34000
"Wall Street: Money Never Sleeps ",13000
"Dracula Untold ",37000
"Stardust ",15000
"Bad Company ",792
"I Spy ",531
"Underworld: Awakening ",24000
"Rock of Ages ",33000
"Hart's War ",997
"Killer Elite ",17000
"Rollerball ",584
"Ballistic: Ecks vs. Sever ",391
"Hard Rain ",815
"Osmosis Jones ",2000
"Legends of Oz: Dorothy's Return ",5000
"Blackhat ",11000
"Basic Instinct 2 ",764
"Escape Plan ",34000
"The Legend of Hercules ",12000
"The Twilight Saga: Eclipse ",29000
"Despicable Me ",31000
"Money Train ",617
"Ted 2 ",30000
"Agora ",29000
"Hall Pass ",10000
"The Finest Hours ",12000
"Abraham Lincoln: Vampire Hunter ",98000
"Saving Private Ryan ",22000
"Need for Speed ",32000
"Ice Age ",3000
"Dreamcatcher ",4000
"Lincoln ",71000
"The Matrix ",25000
"Apollo 13 ",5000
"The Santa Clause 2 ",1000
"Les Misérables ",144000
"Due Date ",25000
"Unbroken ",35000
"The Dictator ",59000
"Eyes Wide Shut ",10000
"Annie ",16000
"Focus ",23000
"This Means War ",18000
"Primary Colors ",688
"Resident Evil: Retribution ",32000
"The Long Kiss Goodnight ",4000
"Proof of Life ",892
"Fight Club ",48000
"Lucky Numbers ",177
"I, Frankenstein ",15000
"Sin City: A Dame to Kill For ",32000
"Random Hearts ",295
"Everest ",40000
"Perfume: The Story of a Murderer ",26000
"Jurassic Park ",19000
"The Hateful Eight ",114000
"300 ",13000
"Marley & Me ",11000
"The Green Mile ",30000
"Chicken Little ",912
"Gone Girl ",146000
"The General's Daughter ",885
"The Truman Show ",18000
"Daddy Day Care ",886
"2 Guns ",22000
"Cheaper by the Dozen 2 ",781
"The Scorch Trials ",24000
"Eat Pray Love ",26000
"RED ",32000
"Jack Reacher ",38000
"Contagion ",42000
"Kangaroo Jack ",858
"Coraline ",10000
"The Happening ",6000
"Man on Fire ",14000
"The Shaggy Dog ",747
"A Civil Action ",1000
"ParaNorman ",12000
"Up Close & Personal ",829
"The Tuxedo ",797
"Under Siege 2: Dark Territory ",1000
"Jack Ryan: Shadow Recruit ",17000
"Joy ",24000
"London Has Fallen ",28000
"The Boxtrolls ",11000
"The Lego Movie ",64000
"Miss Congeniality 2: Armed and Fabulous ",621
"Gangster Squad ",40000
"Invictus ",23000
"My Favorite Martian ",448
"The Sentinel ",690
"Trouble with the Curve ",11000
"The Relic ",956
"Analyze That ",846
"Almost Famous ",15000
"Garfield 2 ",470
"Priest ",20000
"Sinbad: Legend of the Seven Seas ",880
"Event Horizon ",10000
"The Avengers ",123000
"Flyboys ",2000
"Supernova ",589
"Winter's Tale ",17000
"The Mortal Instruments: City of Bones ",44000
"Meet Dave ",791
"Edtv ",641
"The Spirit ",2000
"Mortdecai ",12000
"Xi you ji zhi: Sun Wukong san da Baigu Jing ",426
"Deadpool ",117000
"Holy Man ",296
"American Sniper ",112000
"Goosebumps ",35000
"Sabrina, the Teenage Witch             ",990
"The Flintstones in Viva Rock Vegas ",500
"Rambo III ",2000
"Leatherheads ",472
"The Internship ",22000
"Resident Evil: Afterlife ",19000
"The Devil's Advocate ",11000
"That's My Boy ",12000
"After the Sunset ",782
"Ghost Rider: Spirit of Vengeance ",18000
"Forrest Gump ",59000
"The Nutty Professor ",960
"George of the Jungle ",5000
"Captain Phillips ",65000
"The Equalizer ",56000
"The Pursuit of Happyness ",32000
"Kill Bill: Vol. 1 ",13000
"Death Becomes Her ",8000
"Mr. Popper's Penguins ",14000
"Paddington ",30000
"The Watch ",15000
"Changeling ",14000
"Chain Reaction ",1000
"Gods and Generals ",953
"Turbulence ",316
"Imagine That ",610
"Muppets Most Wanted ",10000
"Thunderbirds ",437
"Burlesque ",19000
"Eye See You ",448
"Seven Pounds ",26000
"Bullet to the Head ",10000
"Gigli ",2000
"Moulin Rouge! ",10000
"Domestic Disturbance ",361
"Black Mass ",44000
"Law Abiding Citizen ",21000
"Beloved ",853
"Lucky You ",672
"Catch Me If You Can ",15000
"Zero Dark Thirty ",39000
"Mamma Mia! ",10000
"Valentine's Day ",9000
"The Change-Up ",13000
"Casino ",11000
"Bulletproof Monk ",846
"Barnyard ",605
"Deck the Halls ",1000
"The Twilight Saga: New Moon ",13000
"The Adjustment Bureau ",36000
"Ted ",74000
"As Good as It Gets ",11000
"Anchorman 2: The Legend Continues ",41000
"Super 8 ",37000
"22 Jump Street ",24000
"Interview with the Vampire: The Vampire Chronicles ",11000
"Central Intelligence ",10000
"Daddy's Home ",13000
"Into the Woods ",90000
"We Bought a Zoo ",22000
"Failure to Launch ",2000
"Crazy, Stupid, Love. ",44000
"Garfield ",795
"Moneyball ",27000
"Non-Stop ",24000
"V for Vendetta ",48000
"Shanghai Knights ",955
"Curious George ",624
"Herbie Fully Loaded ",1000
"Don't Say a Word ",970
"Hansel & Gretel: Witch Hunters ",45000
"I Am Number Four ",27000
"13 Hours ",44000
"The Book of Life ",18000
"Firewall ",773
"Absolute Power ",1000
"G.I. Jane ",2000
"The Game ",25000
"American Reunion ",39000
"The Negotiator ",3000
"Into the Storm ",15000
"Beverly Hills Cop III ",669
"The Judge ",47000
"Out of Time ",1000
"On Deadly Ground ",812
"Raising Helen ",718
"A Touch of Frost             ",361
"Striptease ",877
"Hereafter ",16000
"Hannibal Rising ",3000
"The Host ",43000
"Blood Work ",705
"Twisted             ",915
"Free State of Jones ",10000
"Man of the House ",779
"Run All Night ",15000
"Your Highness ",18000
"Mad City ",697
"The Scarlet Letter ",943
"Fair Game ",9000
"Jade ",422
"Beautiful Creatures ",14000
"Zoolander 2 ",28000
"The Big Bounce ",288
"What Planet Are You From? ",255
"Drive Angry ",15000
"Outlander             ",31000
"The Adventures of Ford Fairlane ",2000
"Pirate Radio ",21000
"Anna Karenina ",36000
"Chappie ",67000
"The Tooth Fairy ",352
"Three Kings ",3000
"Child 44 ",18000
"The Cotton Club ",828
"Taken 3 ",38000
"Earth ",522
"Dick Tracy ",2000
"Happily N'Ever After ",261
"Mary Reilly ",616
"America's Sweethearts ",881
"Star Trek: First Contact ",3000
"Courage Under Fire ",975
"Inchon ",115
"Taken 2 ",63000
"The Princess Diaries 2: Royal Engagement ",1000
"The Client ",1000
"The Bucket List ",22000
"Prisoners ",86000
"Galaxy Quest ",19000
"The Muppets ",26000
"Love Actually ",52000
"Tin Cup ",1000
"Kicking & Screaming ",743
"The Hitchhiker's Guide to the Galaxy ",10000
"Fat Albert ",531
"Blended ",12000
"Savages ",28000
"Cellular ",2000
"Johnny English ",2000
"The Ant Bully ",593
"Dune ",11000
"Across the Universe ",14000
"The Glimmer Man ",451
"Aliens in the Attic ",916
"Dredd ",46000
"All the Pretty Horses ",652
"Nixon ",915
"The Ghost Writer ",15000
"Big Trouble ",892
"The Returned             ",17000
"Shadow Conspiracy ",68
"Johnny English Reborn ",17000
"Argo ",89000
"The Juror ",353
"Heaven's Gate ",1000
"Victor Frankenstein ",11000
"The Mechanic ",16000
"21 Jump Street ",39000
"Notting Hill ",11000
"The Heat ",24000
"Here Comes the Boom ",17000
"High Crimes ",893
"Red Riding Hood ",20000
"15 Minutes ",748
"Lord of War ",10000
"One for the Money ",19000
"The Interview ",50000
"McHale's Navy             ",455
"Animal Kingdom: Let's go Ape ",161
"The Medallion ",505
"The Sixth Sense ",14000
"Man on a Ledge ",11000
"The Big Year ",11000
"American Hustle ",63000
"The Proposal ",10000
"Back to the Future Part II ",12000
"Lucy ",83000
"Fifty Shades of Grey ",101000
"Spy Kids 3-D: Game Over ",681
"Lone Survivor ",58000
"The Conjuring 2 ",40000
"The Social Network ",74000
"He's Just Not That Into You ",12000
"Scary Movie 4 ",1000
"Get Hard ",14000
"Bram Stoker's Dracula ",14000
"Julie & Julia ",13000
"42 ",28000
"Dumb and Dumber To ",55000
"Eight Below ",11000
"The Intern ",54000
"Sin City ",13000
"Big Momma's House 2 ",663
"The Mexican ",2000
"Unbroken ",35000
"The Other Woman ",16000
"Bridge of Spies ",55000
"Get Him to the Greek ",12000
"The Lincoln Lawyer ",25000
"Unknown ",29000
"The Prestige ",49000
"Horrible Bosses 2 ",12000
"Apocalypto ",14000
"Predators ",17000
"Legal Eagles ",263
"The Odd Life of Timothy Green ",11000
"Made of Honor ",3000
"Jersey Boys ",16000
"Medicine Man ",694
"Paul ",42000
"Scream 4 ",26000
"Hanging Up ",390
"Final Destination 5 ",20000
"Mickey Blue Eyes ",445
"Pay It Forward ",16000
"Arthur             ",301
"Drillbit Taylor ",702
"A Million Ways to Die in the West ",24000
"Extremely Loud & Incredibly Close ",39000
"The Art of War ",470
"Rent ",3000
"Bless the Child ",394
"The Out-of-Towners ",279
"The Musketeer ",299
"Sweet November ",8000
"Renaissance Man ",680
"Colombiana ",15000
"City by the Sea ",416
"City Hall ",309
"Kiss of Death ",555
"Get Carter ",604
"The Impossible ",54000
"Ishtar ",754
"Fantastic Mr. Fox ",15000
"Life or Something Like It ",835
"Memoirs of an Invisible Man ",630
"Amélie ",39000
"New York Minute ",849
"The Deep End of the Ocean ",579
"Feardotcom ",612
"Victor Frankenstein ",11000
"Soul Men ",866
"Raise the Titanic ",328
"Universal Soldier: The Return ",401
"Pandorum ",10000
"Impostor ",892
"Extreme Ops ",158
"Just Visiting ",565
"Sunshine ",15000
"Delgo ",211
"Alex Rider: Operation Stormbreaker ",823
"Hackers ",12000
"Nomad: The Warrior ",265
"Snowpiercer ",58000
"The Last Shot ",89
"The Crow ",15000
"Baahubali: The Beginning ",21000
"The Time Traveler's Wife ",13000
"The Fast and the Furious ",14000
"Frankenweenie ",25000
"Serenity ",14000
"Against the Ropes ",177
"Grudge Match ",12000
"The Ugly Truth ",9000
"Sgt. Bilko ",478
"Spy Kids 2: Island of Lost Dreams ",478
"The Grandmaster ",13000
"Water for Elephants ",33000
"Heartbreakers ",989
"Paul Blart: Mall Cop 2 ",8000
"Angel Eyes ",689
"Joe Somebody ",168
"Extreme Measures ",352
"Precious ",12000
"White Squall ",911
"The Thing ",23000
"Riddick ",39000
"Switchback ",389
"Texas Rangers ",474
"The Master ",27000
"Virgin Territory ",366
"The 5th Wave ",14000
"Creed ",70000
"The Town ",29000
"What to Expect When You're Expecting ",14000
"Rush ",83000
"Magnolia ",13000
"How to Be Single ",15000
"Twilight ",19000
"We're the Millers ",35000
"Obitaemyy ostrov ",240
"Hot Tub Time Machine ",12000
"Reindeer Games ",852
"Aloha ",11000
"Ghosts of Mississippi ",591
"Snow Falling on Cedars ",846
"The Rite ",23000
"Gattaca ",17000
"Isn't She Great ",133
"Space Chimps ",279
"Head of State ",638
"The Hangover ",24000
"Ip Man 3 ",12000
"Batman ",12000
"There Be Dragons ",2000
"The Blind Side ",38000
"Horrible Bosses ",31000
"True Grit ",36000
"Identity Thief ",17000
"Trainwreck ",25000
"Guess Who ",919
"L.A. Confidential ",11000
"A Nightmare on Elm Street ",10000
"Friends with Benefits ",41000
"Saving Mr. Banks ",39000
"This Is 40 ",18000
"License to Wed ",913
"Poltergeist ",11000
"In Time ",52000
"Something Borrowed ",13000
"Hit the Floor             ",265
"The Pianist ",21000
"Closer ",12000
"J. Edgar ",16000
"Mirrors ",5000
"Flash Gordon ",12000
"Alex Cross ",11000
"Hoffa ",949
"Concussion ",23000
"Abduction ",13000
"Valiant ",538
"Premium Rush ",20000
"Parker ",17000
"Flight of the Intruder ",452
"American Outlaws ",433
"The Tree of Life ",39000
"Knock Off ",471
"Sabotage ",10000
"The Order ",704
"Zoom ",494
"The Walk ",24000
"A Good Year ",9000
"Luther             ",20000
"Radio Flyer ",892
"Blood In, Blood Out ",6000
"Smilla's Sense of Snow ",561
"Femme Fatale ",675
"The Horseman on the Roof ",262
"Ride with the Devil ",633
"Biutiful ",29000
"The Lovers ",677
"Black Water Transit ",26
"The Maze Runner ",38000
"The Fountain ",23000
"Chill Factor ",120
"The Longest Ride ",23000
"The Astronaut's Wife ",1000
"I Dreamed of Africa ",314
"Mandela: Long Walk to Freedom ",13000
"Exit Wounds ",742
"Big Momma's House ",1000
"Step Up Revolution ",19000
"Snakes on a Plane ",4000
"The Watcher ",463
"The Punisher ",4000
"Safe ",12000
"Pushing Tin ",783
"Star Wars: Episode VI - Return of the Jedi ",14000
"The Reader ",15000
"Elf ",21000
"Scrooged ",11000
"Bridesmaids ",27000
"This Is the End ",97000
"Source Code ",56000
"The Number 23 ",10000
"The Young and Prodigious T.S. Spivet ",5000
"1941 ",2000
"Laws of Attraction ",702
"Repo Men ",12000
"Bogus ",350
"The Incredible Burt Wonderstone ",13000
"Cats Don't Dance ",643
"Cradle Will Rock ",625
"The Good German ",559
"George and the Dragon ",290
"Apocalypse Now ",19000
"Flight ",64000
"The Grand Budapest Hotel ",149000
"Ghostbusters ",62000
"Vacation ",28000
"The Vow ",32000
"Lee Daniels' The Butler ",41000
"The Addams Family ",5000
"Se7en ",39000
"District 9 ",22000
"Mystic River ",12000
"Million Dollar Baby ",14000
"The Notebook ",57000
"Rugrats in Paris: The Movie ",181
"The Prince of Tides ",883
"Legends of the Fall ",11000
"Up in the Air ",19000
"Warm Bodies ",81000
"Looper ",75000
"Down to Earth ",602
"Babe ",5000
"Midnight in Paris ",78000
"Blow ",13000
"Like Mike ",1000
"Naked Gun 33 1/3: The Final Insult ",1000
"P.S. I Love You ",20000
"Racing Stripes ",771
"Atonement ",12000
"Letters to Juliet ",13000
"The Three Stooges ",13000
"Sicario ",59000
"Southpaw ",44000
"Drag Me to Hell ",11000
"The Age of Adaline ",34000
"Step Up 3D ",16000
"Stranger Than Fiction ",13000
"The Cabin in the Woods ",66000
"Hanna ",38000
"Mortal Kombat: Annihilation ",1000
"Carrie ",39000
"What's the Worst That Could Happen? ",304
"9 ",13000
"Side Effects ",29000
"Dumb and Dumberer: When Harry Met Lloyd ",1000
"Get on Up ",11000
"One True Thing ",592
"My Super Ex-Girlfriend ",1000
"Deliver Us from Evil ",18000
"Sanctum ",11000
"Little Black Book ",484
"The Five-Year Engagement ",11000
"Mr 3000 ",491
"The Next Three Days ",27000
"Assault on Precinct 13 ",999
"The Replacement Killers ",629
"Fled ",204
"Love & Other Drugs ",24000
"The Whole Ten Yards ",462
"Splice ",12000
"Alex & Emma ",625
"Fright Night ",23000
"Wing Commander ",858
"In Dreams ",654
"The Last Stand ",24000
"Godsend ",387
"The Imaginarium of Doctor Parnassus ",19000
"Once Upon a Time in America ",12000
"The Good Thief ",287
"Supercross ",353
"The Promise ",445
"Machine Gun Preacher ",21000
"Animals United ",885
"Grace of Monaco ",6000
"A Warrior's Tail ",161
"Ripley's Game ",447
"Sausage Party ",13000
"Pitch Perfect 2 ",40000
"Walk the Line ",11000
"12 Monkeys             ",12000
"Confessions of a Dangerous Mind ",3000
"Serving Sara ",201
"Mumford ",209
"Straight Outta Compton ",76000
"The Rugrats Movie ",418
"Die Hard ",25000
"The Big Short ",99000
"Dawn of the Dead ",7000
"Identity ",11000
"Last Vegas ",27000
"For Your Eyes Only ",2000
"Serendipity ",12000
"Safe Haven ",23000
"Hocus Pocus ",16000
"Kick-Ass ",36000
"Alexander and the Terrible, Horrible, No Good, Very Bad Day ",12000
"Pride & Prejudice ",17000
"Blade Runner ",34000
"3 Days to Kill ",10000
"Lost Souls ",209
"Winged Migration ",1000
"Mystery, Alaska ",913
"A Simple Wish ",517
"Pride and Prejudice and Zombies ",73000
"Kick-Ass 2 ",36000
"My Sister's Keeper ",15000
"Welcome Home, Roscoe Jenkins ",464
"A Passage to India ",845
"Limitless             ",11000
"The Jungle Book ",65000
"The Blues Brothers ",14000
"The Sisterhood of the Traveling Pants 2 ",894
"Lake Placid ",2000
"Lucky Number Slevin ",10000
"Anonymous ",15000
"The NeverEnding Story ",21000
"Dark City ",14000
"The Honeymooners             ",459
"The Newton Boys ",315
"Suspect Zero ",817
"Mindhunters ",2000
"What Just Happened ",845
"The Statement ",188
"The Magic Flute ",359
"A Walk Among the Tombstones ",15000
"O Brother, Where Art Thou? ",16000
"Pain & Gain ",43000
"In Good Company ",736
"Clockstoppers ",874
"Brothers ",10000
"Agent Cody Banks 2: Destination London ",167
"New Year's Eve ",20000
"Original Sin ",3000
"The Raven ",35000
"Welcome to Mooseport ",260
"Highlander: The Final Dimension ",319
"Blood and Wine ",145
"The Curse of the Jade Scorpion ",826
"Flipper ",504
"Self/less ",11000
"The Passion of the Christ ",13000
"Rain Man ",12000
"Gran Torino ",28000
"Taken ",29000
"The Best of Me ",19000
"Schindler's List ",41000
"The Help ",75000
"The Fifth Estate ",11000
"Scooby-Doo 2: Monsters Unleashed ",567
"Freddy vs. Jason ",3000
"The Face of an Angel ",488
"Jimmy Neutron: Boy Genius ",425
"No Country for Old Men ",21000
"Chocolat ",18000
"Legally Blonde 2: Red, White & Blonde ",660
"No Strings Attached ",24000
"Tombstone ",11000
"The Omen ",7000
"The Lucky One ",29000
"Bridge to Terabithia ",6000
"The Grey ",32000
"Goodfellas ",25000
"Agent Cody Banks ",542
"Scarface ",19000
"Money Talks ",666
"There Will Be Blood ",16000
"The Wild Thornberrys Movie ",187
"Rugrats Go Wild ",329
"Beauty Shop ",671
"Million Dollar Arm ",10000
"The Giver ",58000
"Cradle 2 the Grave ",1000
"Anacondas: The Hunt for the Blood Orchid ",686
"August Rush ",18000
"Dance Flick ",657
"The Shawshank Redemption ",108000
"Crocodile Dundee in Los Angeles ",387
"Kingpin ",3000
"August: Osage County ",30000
"Ice Princess ",901
"Eddie the Eagle ",15000
"Shaun the Sheep             ",834
"Dear John ",14000
"Don't Be Afraid of the Dark ",10000
"Half Past Dead ",564
"Unaccompanied Minors ",498
"Bright Lights, Big City ",377
"The Adventures of Pinocchio ",246
"The Next Best Thing ",378
"Maximum Risk ",503
"Stealing Harvard ",215
"Legend ",43000
"Draft Day ",14000
"The Powerpuff Girls             ",581
"Lords of Dogtown ",5000
"Big Trouble in Little China ",19000
"A Perfect Plan ",853
"Warrior ",77000
"Stop-Loss ",982
"Abandon ",261
"The Possession ",17000
"Mrs. Winterbourne ",491
"Straw Dogs ",7000
"The Hoax ",348
"The Road ",32000
"Sheena ",739
"Underclassman ",206
"Say It Isn't So ",295
"The World's Fastest Indian ",11000
"Snakes on a Plane ",4000
"King's Ransom ",83
"BloodRayne ",937
"Carnage ",21000
"Where the Truth Lies ",507
"Without Limits ",942
"The Best Offer ",31000
"Bad Lieutenant: Port of Call New Orleans ",6000
"Love Ranch ",636
"The True Story of Puss'N Boots ",90
"Space Dogs ",200
"The Counselor ",24000
"Waterloo ",690
"Red Sky ",437
"On the Road ",27000
"Point Break ",37000
"Think Like a Man Too ",3000
"The Fisher King ",12000
"I Still Know What You Did Last Summer ",891
"Nurse Betty ",455
"The Men Who Stare at Goats ",15000
"Double Take ",204
"Win a Date with Tad Hamilton! ",876
"Muppets from Space ",619
"Ready to Rumble ",650
"Play It to the Bone ",153
"Piranha 3D ",13000
"Meet the Deedles ",839
"The Princess and the Cobbler ",408
"The Bridge of San Luis Rey ",181
"Faster ",12000
"Howl's Moving Castle ",13000
"Zombieland ",26000
"Star Wars: Episode V - The Empire Strikes Back ",17000
"The Ides of March ",22000
"Pitch Black ",5000
"Her ",148000
"Eddie the Eagle ",15000
"Anywhere But Here ",638
"The Crew ",153
"Marvin's Room ",1000
"The Longshots ",376
"Rogue             ",532
"Vanity Fair ",767
"Bodyguards and Assassins ",765
"1408 ",11000
"Spaceballs ",13000
"The Water Diviner ",18000
"The Animal ",1000
"Gandhi ",12000
"The Hundred-Foot Journey ",55000
"I Am Sam ",15000
"Son of God ",15000
"Shadowlands ",2000
"Deuce Bigalow: European Gigolo ",887
"Victor Frankenstein ",11000
"Saving Silverman ",739
"The Glass House ",804
"Hail, Caesar! ",23000
"Homefront ",15000
"RoboCop 3 ",716
"Megiddo: The Omega Code 2 ",158
"Darling Lili ",104
"Dudley Do-Right ",272
"Joyeux Noel ",11000
"Mad Money ",687
"Before I Go to Sleep ",11000
"Molière ",815
"Out of the Furnace ",17000
"My Fellow Americans ",758
"To Rome with Love ",18000
"Teenage Mutant Ninja Turtles III ",1000
"Silver Linings Playbook ",117000
"Freedom Writers ",10000
"The Rage: Carrie 2 ",897
"The Bachelor             ",141
"Away We Go ",7000
"Swing Vote ",1000
"Moonlight Mile ",365
"Tinker Tailor Soldier Spy ",24000
"Molly ",284
"The Beaver ",17000
"eXistenZ ",6000
"Raiders of the Lost Ark ",16000
"Bringing Down the House ",800
"The Silence of the Lambs ",40000
"The Conjuring ",131000
"Are We There Yet? ",773
"Tammy ",11000
"The Descendants ",22000
"The Last Song ",10000
"12 Years a Slave ",83000
"Drumline ",2000
"Edward Scissorhands ",16000
"Me Before You ",51000
"Bad Moms ",18000
"Date Movie ",806
"Return to Never Land ",302
"Selma ",22000
"The Jungle Book 2 ",227
"Boogeyman ",1000
"The Tigger Movie ",347
"Orphan ",20000
"Max ",33000
"Meet the Browns             ",211
"Spotlight ",80000
"The Grudge 2 ",930
"The Black Hole ",4000
"The American ",10000
"Vampires Suck ",16000
"This Is Where I Leave You ",14000
"Texas Chainsaw 3D ",16000
"Scary Movie 5 ",13000
"Milk ",10000
"Risen ",21000
"A Very Harold & Kumar 3D Christmas ",21000
"High Fidelity ",10000
"Eye for an Eye ",613
"Eternal Sunshine of the Spotless Mind ",52000
"The World's End ",49000
"Nancy Drew ",590
"Monte Carlo ",6000
"The Covenant ",3000
"Shorts ",431
"To Die For ",1000
"Yu-Gi-Oh! Duel Monsters             ",124
"Psycho ",18000
"Georgia Rule ",681
"Under the Rainbow ",501
"Into the Wild ",76000
"School for Scoundrels ",484
"Silent Hill: Revelation 3D ",25000
"From Dusk Till Dawn ",12000
"Pooh's Heffalump Movie ",264
"Fired Up             ",4
"The Country Bears ",422
"Paparazzi ",269
"Twilight ",19000
"A Guy Thing ",401
"Loser ",1000
"Capitalism: A Love Story ",10000
"The Greatest Story Ever Told ",1000
"Lockout ",10000
"Envy ",713
"Bullets Over Broadway ",979
"The Quiet American ",983
"Undisputed ",977
"Let Me In ",25000
"3 Ninjas Kick Back ",444
"Three to Tango ",311
"Burnt ",25000
"We're No Angels ",855
"Everybody's Fine ",10000
"The Man ",676
"Code Name: The Cleaner ",233
"Connie and Carla ",924
"Sweet Charity ",548
"Inherent Vice ",18000
"Doogal ",346
"An American Carol ",797
"Machete Kills ",48000
"Strange Wilderness ",847
"Topsy-Turvy ",608
"Little Boy ",15000
"A Dangerous Method ",36000
"Chasing Mavericks ",13000
"Alone in the Dark ",1000
"Bandslam ",1000
"Passchendaele ",971
"Synecdoche, New York ",13000
"Princess Mononoke ",11000
"Bon voyage ",235
"Can't Stop the Music ",1000
"Marci X ",241
"Equilibrium ",20000
"The Children of Huang Shi ",1000
"The Yards ",401
"The Oogieloves in the Big Balloon Adventure ",831
"Steamboy ",973
"The Game of Their Lives ",445
"Rapa Nui ",399
"CJ7 ",1000
"Les couloirs du temps: Les visiteurs II ",136
"People I Know ",217
"The Touch ",30
"Three Kingdoms: Resurrection of the Dragon ",314
"Zambezia ",1000
"Ramanujan ",58
"Dwegons and Leprechauns ",70
"The Frozen Ground ",11000
"Bad Teacher ",16000
"Scream ",11000
"The Shining ",37000
"Back to the Future ",39000
"I Can Do Bad All by Myself ",1000
"Fight Valley ",1000
"The Devil's Double ",14000
"Thomas and the Magic Railroad ",663
"Spirited Away ",28000
"Firestorm ",332
"The Bounty ",1000
"The Book Thief ",53000
"Leap Year ",13000
"The Fall of the Roman Empire ",560
"The Nutcracker ",238
"Kansas City ",228
"Indignation ",599
"Out of Inferno ",124
"Fear and Loathing in Las Vegas ",15000
"The Invention of Lying ",13000
"Neighbors ",21000
"Left Behind ",31000
"Barbershop 2: Back in Business ",265
"Bad Santa ",10000
"My Big Fat Greek Wedding 2 ",19000
"Predator ",13000
"Amadeus ",16000
"Prom Night ",1000
"Birdman or (The Unexpected Virtue of Ignorance) ",114000
"Blue Jasmine ",36000
"Spy Hard ",588
"The Fog ",7000
"Soul Surfer ",15000
"Conan the Destroyer ",2000
"127 Hours ",63000
"Small Time Crooks ",812
"Catch That Kid ",591
"Steve Jobs ",23000
"The Legend of the Lone Ranger ",346
"The Tailor of Panama ",813
"Blow Out ",2000
"Getaway ",4000
"And So It Goes ",3000
"Being Julia ",562
"RocknRolla ",12000
"Anything Else ",827
"The Railway Man ",18000
"Restoration ",378
"The Salton Sea ",2000
"Metallica Through the Never ",19000
"The Informers ",1000
"I Come with the Rain ",342
"One Man's Hero ",271
"Day of the Dead ",3000
"Red Lights ",10000
"Madea Goes to Jail ",804
"Hotel Rwanda ",12000
"City of Ghosts ",204
"The Others ",20000
"Aliens ",18000
"Let's Be Cops ",14000
"Halloween ",12000
"Good Boy! ",309
"The Best Man Holiday ",7000
"Smokin' Aces ",3000
"Saw 3D: The Final Chapter ",12000
"40 Days and 40 Nights ",2000
"TRON: Legacy ",30000
"Beastly ",16000
"Dickie Roberts: Former Child Star ",320
"McFarland, USA ",21000
"ATL ",874
"Pitch Perfect ",36000
"Summer Catch ",476
"They ",814
"Larry the Cable Guy: Health Inspector ",110
"The Adventures of Elmo in Grouchland ",339
"Brooklyn's Finest ",4000
"55 Days at Peking ",419
"Evil Dead ",70000
"American Dreamz ",300
"Superman IV: The Quest for Peace ",1000
"How She Move ",238
"Bobby Jones: Stroke of Genius ",352
"Shanghai Surprise ",154
"The Illusionist ",15000
"Damnation Alley ",903
"The Illusionist ",15000
"Dead Poets Society ",23000
"The Artist ",30000
"Moonrise Kingdom ",71000
"The Master of Disguise ",1000
"Pan's Labyrinth ",27000
"See Spot Run ",393
"Baby Boy ",1000
"Hot Fuzz ",17000
"Vicky Cristina Barcelona ",14000
"Bad Moms ",18000
"Boys and Girls ",487
"Jennifer's Body ",6000
"Drowning Mona ",492
"Left Behind ",31000
"Remember Me ",24000
"How to Deal ",371
"My Stepmother Is an Alien ",818
"The Cookout ",177
"Meteor ",392
"Duets ",573
"Hollywood Ending ",762
"The White Countess ",356
"Trance ",23000
"Welcome to the Sticks ",3000
"Good ",921
"Enter the Void ",23000
"Hachi: A Dog's Tale ",115000
"Juwanna Mann ",939
"Lilyhammer             ",16000
"Ararat ",824
"Madison ",282
"Slow Burn ",191
"Home Alone ",20000
"3 Men and a Baby ",3000
"Top Gun ",19000
"American Beauty ",22000
"The King's Speech ",64000
"The Yellow Handkerchief ",1000
"The Color Purple ",6000
"Tidal Wave ",558
"The Imitation Game ",165000
"Private Benjamin ",855
"Mama ",57000
"Halloween ",12000
"Bad Grandpa ",26000
"Beetlejuice ",15000
"Why Did I Get Married? ",1000
"The Woman in Black ",29000
"Big Fat Liar ",896
"The Deer Hunter ",11000
"Wag the Dog ",12000
"Snitch ",12000
"Krampus ",27000
"Cop Land ",2000
"End of Watch ",38000
"Aloha ",11000
"The Theory of Everything ",90000
"Lawrence of Arabia ",11000
"Halloween II ",3000
"Wild ",38000
"Clash of the Titans ",15000
"The Princess Bride ",33000
"Drive ",81000
"Confessions of a Teenage Drama Queen ",810
"The Object of My Affection ",849
"Because of Winn-Dixie ",1000
"Book of Shadows: Blair Witch 2 ",949
"The Craft ",6000
"Nowhere to Run ",466
"Flicka ",1000
"Urban Legends: Final Cut ",243
"Disturbing Behavior ",673
"The Place Beyond the Pines ",47000
"Eye of the Beholder ",327
"The Hurt Locker ",16000
"Killing Them Softly ",20000
"A Most Wanted Man ",13000
"The Pirates Who Don't Do Anything: A VeggieTales Movie ",175
"U2 3D ",116
"Highlander: Endgame ",356
"Idlewild ",489
"One Day ",49000
"Whip It ",10000
"Knockaround Guys ",566
"Confidence ",622
"The Muse ",251
"De-Lovely ",1000
"New York Stories ",877
"Barney's Great Adventure ",436
"The Man with the Iron Fists ",29000
"Home Fries ",247
"Here on Earth ",648
"Brazil ",16000
"Raise Your Voice ",1000
"The Dead Zone             ",576
"The Big Lebowski ",35000
"Dark Blue ",455
"A Mighty Heart ",923
"Whatever It Takes ",816
"Boat Trip ",1000
"The Love Letter ",515
"Hoot ",647
"In Bruges ",32000
"Promised Land ",10000
"Whatever Works ",10000
"The In Crowd ",157
"Mulholland Drive ",16000
"Never Let Me Go ",33000
"The Company             ",733
"The Clan of the Cave Bear ",843
"Crazy in Alabama ",391
"Listening ",708
"Felicia's Journey ",284
"Metropolis ",12000
"Buffalo Soldiers ",664
"Silent Trigger ",154
"Winnie Mandela ",705
"All the Queen's Men ",193
"The Good Night ",445
"Automata ",13000
"Dungeons & Dragons: Wrath of the Dragon God ",473
"Chiamatemi Francesco - Il Papa della gente ",18
"Shinjuku Incident ",821
"Pandaemonium ",277
"Groundhog Day ",38000
"Magic Mike XXL ",41000
"Romeo + Juliet ",10000
"Freedom ",998
"Unforgiven ",10000
"Manderlay ",1000
"Slumdog Millionaire ",13000
"Fatal Attraction ",3000
"Pretty Woman ",11000
"Crocodile Dundee II ",489
"Born on the Fourth of July ",4000
"The Possession ",17000
"Ghost Hunters             ",373
"Superstar ",2000
"The Iron Lady ",18000
"Jonah: A VeggieTales Movie ",184
"All About the Benjamins ",530
"Vampire in Brooklyn ",1000
"Exorcist II: The Heretic ",889
"My Boss's Daughter ",411
"A Perfect Getaway ",4000
"Our Family Wedding ",1000
"Dead Man on Campus ",645
"Tea with Mussolini ",970
"New York, New York ",932
"Crooklyn ",905
"I Think I Love My Wife ",488
"Big Fat Liar ",896
"Head Over Heels ",613
"The Diving Bell and the Butterfly ",13000
"Little Children ",5000
"Gossip ",853
"A Walk on the Moon ",860
"Catch a Fire ",447
"Soul Survivors ",231
"Jefferson in Paris ",127
"Easy Virtue ",2000
"Caravans ",76
"Wild Grass ",512
"Reign of Assassins ",1000
"The Lucky Ones ",702
"Stan Helsing ",934
"Flipped ",14000
"Brokeback Mountain ",13000
"Teenage Mutant Ninja Turtles ",62000
"Seven Psychopaths ",52000
"The Caveman's Valentine ",329
"The Border             ",64
"Downfall ",14000
"Under the Skin ",29000
"The Last Godfather ",502
"Justin Bieber: Never Say Never ",62000
"Black Swan ",106000
"RoboCop ",60000
"The Godfather: Part II ",14000
"Miracles from Heaven ",16000
"St. Vincent ",33000
"10 Things I Hate About You ",10000
"The New Guy ",1000
"The Butterfly Effect ",15000
"The Big Hit ",934
"Harriet the Spy ",833
"The Mist ",20000
"Ex Machina ",109000
"Two Can Play That Game ",593
"Letters from Iwo Jima ",5000
"The Astronaut Farmer ",862
"Woo ",204
"Room ",72000
"Dirty Work ",679
"Serial Mom ",3000
"Del 1 - Män som hatar kvinnor             ",22
"Light It Up ",251
"Birthday Girl ",618
"21 & Over ",11000
"Resurrecting the Champ ",689
"Admission ",5000
"The Widow of Saint-Pierre ",186
"Faithful ",69
"Brothers ",10000
"The Perks of Being a Wallflower ",131000
"Excessive Force ",107
"The Claim ",141
"Attack the Block ",18000
"The Call ",23000
"Operation Chromite ",139
"The Crocodile Hunter: Collision Course ",332
"I Love You Phillip Morris ",11000
"True Romance ",15000
"The Prisoner of Zenda ",337
"Lars and the Real Girl ",19000
"The Boy in the Striped Pajamas ",38000
"Oscar and Lucinda ",329
"The Funeral ",344
"Machete ",44000
"The Land Before Time ",5000
"The Exorcist ",18000
"Jaws ",21000
"Barbershop ",770
"Act of Valor ",15000
"Chronicle ",32000
"Project X ",29000
"Johnson Family Vacation ",243
"The Fault in Our Stars ",93000
"Prophecy ",902
"Spartacus: War of the Damned             ",31000
"Philomena ",37000
"The Upside of Anger ",549
"My Baby's Daddy ",151
"Nebraska ",28000
"Max Keeble's Big Move ",371
"How to Be a Player ",439
"Living Out Loud ",242
"The Postman Always Rings Twice ",1000
"Das Boot ",11000
"The Alamo ",701
"Sorority Boys ",507
"About Time ",105000
"Screwed ",262
"Fortress ",1000
"For Your Consideration ",650
"Celebrity ",652
"Girl 6 ",251
"In the Cut ",656
"Last Orders ",305
"The Host ",7000
"The Pursuit of D.B. Cooper ",135
"The Great Beauty ",29000
"The Dangerous Lives of Altar Boys ",677
"Stoker ",27000
"Married Life ",314
"Welcome to Collinwood ",423
"Critical Care ",88
"The Life Before Her Eyes ",1000
"Fateless ",607
"Breakfast of Champions ",458
"A Woman, a Gun and a Noodle Shop ",784
"Home ",26000
"Legend of Kung Fu Rabbit ",211
"Triangle ",13000
"10 Days in a Madhouse ",26000
"Heaven Is for Real ",23000
"Snatch ",27000
"Dancin' It's On ",634
"Madadayo ",355
"The Cry of the Owl ",443
"A Tale of Three Cities ",4
"Gremlins ",14000
"Star Wars: Episode IV - A New Hope ",33000
"Dirty Grandpa ",11000
"Doctor Zhivago ",7000
"The Fighter ",36000
"Jackass Number Two ",641
"My Cousin Vinny ",7000
"If I Stay ",15000
"Drive Hard ",774
"A Walk to Remember ",19000
"Corky Romano ",365
"Raising Cain ",541
"F.I.S.T. ",745
"Invaders from Mars ",902
"Brooklyn ",36000
"The Ladies Man ",671
"Quartet ",13000
"Tomcats ",449
"Frailty ",5000
"Woman in Gold ",34000
"Army of Darkness ",10000
"Slackers ",405
"What's Eating Gilbert Grape ",14000
"The Guru ",550
"The Perez Family ",174
"Inside Llewyn Davis ",26000
"Return to the Blue Lagoon ",967
"The Molly Maguires ",608
"Poltergeist ",11000
"Machine Gun McCain ",85
"LOL ",18000
"Jindabyne ",302
"Kabhi Alvida Naa Kehna ",659
"An Ideal Husband ",646
"Darkness ",1000
"2001: A Space Odyssey ",24000
"E.T. the Extra-Terrestrial ",34000
"In the Land of Women ",1000
"The Blue Butterfly ",392
"There Goes My Baby ",119
"Housefull ",250
"September Dawn ",411
"Good Will Hunting ",31000
"Precious ",12000
"Madea's Family Reunion ",676
"The Grudge ",4000
"The Best Exotic Marigold Hotel ",48000
"Recess: School's Out ",227
"The Boy ",20000
"Devil ",16000
"Friday After Next ",981
"Insidious: Chapter 3 ",29000
"Snatch ",27000
"Dogma ",10000
"The Banger Sisters ",744
"A Low Down Dirty Shame ",368
"Swimfan ",720
"The Outsiders ",10000
"Pete's Dragon ",21000
"Sinister 2 ",13000
"The Fourth Kind ",15000
"A Prairie Home Companion ",683
"Sugar Hill ",331
"Roll Bounce ",997
"Rushmore ",5000
"Skyline ",13000
"The Second Best Exotic Marigold Hotel ",21000
"Kit Kittredge: An American Girl ",851
"The Perfect Man ",767
"Mo' Better Blues ",720
"Tremors ",11000
"The Long Riders ",680
"The Corruptor ",328
"Mud ",27000
"Reno 911!: Miami ",441
"Hey Arnold! The Movie ",227
"My Week with Marilyn ",17000
"The Matador ",808
"Love Jones ",1000
"The Gift ",15000
"End of the Spear ",1000
"Office Space ",16000
"Big Eyes ",20000
"Movie 43 ",25000
"The Tourist ",25000
"Over Her Dead Body ",518
"Seeking a Friend for the End of the World ",25000
"American History X ",35000
"The Collection ",14000
"Teacher's Pet ",49
"Deuces Wild ",398
"Heartbeeps ",425
"Romeo Is Bleeding ",561
"The Limey ",944
"Crash ",18000
"The House of Mirth ",345
"Malone ",208
"Bamboozled ",1000
"The Forest ",10000
"Sphinx ",106
"Gun Shy ",242
"The Iceman ",20000
"Krrish ",533
"Cecil B. DeMented ",795
"Killer Joe ",12000
"The Brothers Solomon ",319
"Illuminata ",74
"Swept Away ",725
"War, Inc. ",883
"The Brown Bunny ",952
"The Swindle ",33
"Rosewater ",5000
"The Chambermaid on the Titanic ",85
"Coriolanus ",12000
"Imaginary Heroes ",345
"High Heels and Low Lifes ",117
"Edmond ",661
"Police Academy: Mission to Moscow ",321
"Blood Done Sign My Name ",503
"Cinco de Mayo, La Batalla ",874
"An Alan Smithee Film: Burn Hollywood Burn ",89
"The Open Road ",370
"The Good Guy ",1000
"Motherhood ",546
"Free Style ",58
"The Janky Promoters ",402
"Blonde Ambition ",160
"Eulogy ",376
"White Noise 2: The Light ",509
"Jungle Shuffle ",186
"Adam Resurrected ",589
"Of Horses and Men ",1000
"It's a Wonderful Afterlife ",695
"The Devil's Tomb ",486
"Partition ",746
"Good Intentions ",119
"Gunless ",850
"The Lost City ",957
"Plastic ",1000
"Amour ",33000
"Poltergeist III ",616
"Re-Kill ",898
"Melancholia ",50000
"Red Dog ",10000
"Jab Tak Hai Jaan ",12000
"Alien ",23000
"The Purge: Anarchy ",15000
"Down to You ",580
"The Contender ",1000
"Breakin' All the Rules ",266
"Chasing Papi ",419
"The Way of the Gun ",1000
"Igby Goes Down ",838
"The Bold and the Beautiful             ",748
"Gracie ",313
"Trust the Man ",215
"Hamlet 2 ",1000
"The Legend of Suriyothai ",124
"Two Evil Eyes ",375
"Barbecue ",348
"All or Nothing ",484
"Opal Dream ",135
"Undiscovered ",128
"The Girl on the Train ",120
"Veronika Decides to Die ",3000
"The I Inside ",458
"Star Wars: The Clone Wars             ",2000
"The Lost Boys ",19000
"The Rose ",1000
"Shipwrecked ",278
"The DUFF ",8000
"Silmido ",387
"My Name Is Khan ",27000
"All Is Lost ",18000
"Limbo ",196
"Namastey London ",341
"Quo Vadis ",1000
"Repo! The Genetic Opera ",8000
"Valley of the Wolves: Iraq ",467
"Pulp Fiction ",45000
"Nightcrawler ",65000
"Club Dread ",713
"The Sound of Music ",15000
"Little Miss Sunshine ",15000
"Stand by Me ",24000
"28 Days Later... ",11000
"A Thin Line Between Love and Hate ",559
"50/50 ",40000
"Modern Problems ",495
"Kicks ",240
"American Psycho ",18000
"The Good Girl ",938
"Bon Cop Bad Cop ",758
"The City of Your Final Destination ",638
"Enough Said ",12000
"Easy A ",19000
"The Inkwell ",160
"The Pallbearer ",125
"Held Up ",77
"Woman on Top ",859
"Howards End ",788
"Preacher             ",18000
"Clay Pigeons ",515
"It's Kind of a Funny Story ",20000
"When Did You Last See Your Father? ",429
"The Wicked Lady ",79
"The Secret of Kells ",11000
"Begin Again ",43000
"Down in the Valley ",412
"Brooklyn Rules ",226
"Restless ",434
"The Singing Detective ",494
"The Land Girls ",75
"The Wendell Baker Story ",143
"Pathology ",3000
"10th & Wolf ",294
"Dear Wendy ",532
"Aloft ",675
"The Rocket: The Legend of Rocket Richard ",520
"Swelter ",438
"My Lucky Star ",81
"Mr. Church ",205
"The Blood of Heroes ",999
"Code of Honor ",689
"Driving Miss Daisy ",3000
"Soul Food ",508
"Far from Men ",2000
"An Education ",12000
"Shopgirl ",1000
"The Hotel New Hampshire ",345
"Narc ",1000
"Witless Protection ",140
"The Work and the Glory ",31
"Masked and Anonymous ",655
"Alias Betty ",26
"Outside Bet ",223
"Crash ",18000
"Black November ",389
"Ta Ra Rum Pum ",108
"Persepolis ",14000
"The Wave ",25000
"The Omega Code ",129
"Juno ",10000
"The Godfather ",43000
"500 Days of Summer ",40000
"Magic Mike ",54000
"Darkness Falls ",2000
"The Great Gatsby ",115000
"The Claim ",141
"Fargo             ",61000
"The Man with the Golden Gun ",2000
"Action Jackson ",978
"The Descent ",10000
"Michael Jordan to the Max ",407
"Flirting with Disaster ",824
"Buffy the Vampire Slayer             ",6000
"Dope ",23000
"In Too Deep ",375
"Skyfall ",80000
"Alien Zone ",44
"A Serious Man ",10000
"A Single Man ",16000
"Who's Your Caddy? ",446
"The Other Side of Heaven ",650
"Veer-Zaara ",2000
"A Dog of Flanders ",157
"Auto Focus ",357
"Factory Girl ",3000
"We Need to Talk About Kevin ",38000
"The Christmas Candle ",962
"The Mighty Macs ",797
"Losin' It ",168
"March or Die ",122
"Chairman of the Board ",724
"Hesher ",19000
"The Heart of Me ",97
"The Extra Man ",916
"Hard to Be a God ",1000
"Ca$h ",694
"Wah-Wah ",311
"The Boondock Saints ",16000
"Z Storm ",55
"Snow Queen ",453
"Alpha and Omega 4: The Legend of the Saw Toothed Cave ",41
"Stargate: The Ark of Truth ",389
"Dazed and Confused ",10000
"High School Musical 2 ",586
"Two Lovers and a Bear ",187
"Aimee & Jaguar ",687
"The Chumscrubber ",1000
"Shade ",413
"House at the End of the Street ",10000
"Incendies ",37000
"Remember Me, My Love ",282
"Perrier's Bounty ",663
"Elite Squad ",11000
"Annabelle ",45000
"Bran Nue Dae ",479
"The Four Seasons ",337
"The Adventures of Huck Finn ",391
"Friends with Money ",515
"Bats ",342
"Nowhere in Africa ",802
"Shame ",23000
"The Work and the Glory II: American Zion ",19
"The East ",12000
"A Home at the End of the World ",1000
"Aberdeen ",260
"Tracker ",830
"Control ",13000
"The Terminator ",13000
"Good Bye Lenin! ",11000
"Grease ",13000
"Platoon ",9000
"The Brothers ",478
"The Wood ",990
"The Usual Suspects ",28000
"A Nightmare on Elm Street 5: The Dream Child ",1000
"The Wrestler ",10000
"Duel in the Sun ",403
"School Daze ",624
"Daddy Day Camp ",256
"Mr. Nice Guy ",355
"War & Peace             ",11000
"Tales from the Hood ",985
"Halloween 5 ",926
"Bernie ",15000
"Dolphins and Whales 3D: Tribes of the Ocean ",28
"The Words ",21000
"Casa de mi Padre ",9000
"The Guard ",17000
"College ",422
"Little Voice ",915
"Miss March ",985
"Simply Irresistible ",901
"Goddess of Love ",84
"Novocaine ",289
"The Business of Strangers ",29
"The Great Train Robbery ",643
"Morvern Callar ",605
"Beastmaster 2: Through the Portal of Time ",125
"The Flower of Evil ",52
"Come Early Morning ",224
"Lucky Break ",30
"Julia ",733
"Surfer, Dude ",850
"Lake of Fire ",570
"Men of War ",176
"Don McKay ",275
"A Shine of Rainbows ",1000
"Trade of Innocents ",543
"Stiff Upper Lips ",109
"Sunshine State ",160
"Crossover ",244
"Khiladi 786 ",365
"[Rec] 2 ",4000
"Standing Ovation ",277
"Don Jon ",33000
"Ghost World ",5000
"Galaxina ",438
"Mambo Italiano ",352
"Wonderland ",1000
"Harvard Man ",113
"Irreversible ",13000
"R100 ",543
"Animals ",679
"Salvation Boulevard ",1000
"The Ten ",915
"A Room for Romeo Brass ",484
"Headhunters ",23000
"Grabbers ",11000
"Saint Ralph ",989
"Dum Maaro Dum ",421
"Insidious: Chapter 2 ",35000
"10 Cloverfield Lane ",33000
"Paranormal Activity 3 ",24000
"Ouija ",18000
"The Gift ",15000
"Instructions Not Included ",14000
"Paranormal Activity 4 ",26000
"The Return of the Pink Panther ",620
"Freddy's Dead: The Final Nightmare ",963
"Paranormal Activity: The Marked Ones ",10000
"The Elephant Man ",9000
"Dallas Buyers Club ",65000
"Memento ",40000
"Oculus ",23000
"The Way Way Back ",22000
"House Party 2 ",232
"Doug's 1st Movie ",122
"The Apostle ",1000
"Our Idiot Brother ",11000
"The Players Club ",575
"As Above, So Below ",14000
"Eve's Bayou ",599
"Still Alice ",45000
"The Egyptian ",376
"Friday the 13th Part VIII: Jason Takes Manhattan ",1000
"My Big Fat Greek Wedding ",5000
"Spring Breakers ",25000
"Shaun of the Dead ",19000
"The Haunting of Molly Hartley ",562
"No Escape ",16000
"Solomon and Sheba ",270
"Fifty Shades of Black ",11000
"Not Easily Broken ",738
"A Farewell to Arms ",213
"The Perfect Match ",740
"Digimon: The Movie ",207
"Robin and Marian ",672
"The Forsaken ",327
"Force 10 from Navarone ",729
"Slums of Beverly Hills ",462
"Once Upon a Time in the West ",10000
"Made ",393
"Moon ",47000
"Keeping Up with the Steins ",249
"Sea Rex 3D: Journey to a Prehistoric World ",89
"The Sweet Hereafter ",920
"Jekyll and Hyde... Together Again ",323
"Zero Effect ",507
"The Machinist ",21000
"Light Sleeper ",247
"Kill the Messenger ",13000
"Green Room ",10000
"The Oh in Ohio ",255
"Albino Alligator ",225
"Gandhi, My Father ",133
"Standard Operating Procedure ",489
"Out of the Blue ",274
"Tucker and Dale vs Evil ",49000
"Lovely, Still ",777
"Tycoon ",44
"Desert Blue ",69
"Decoys ",174
"The Visit ",27000
"Redacted ",559
"Fascination ",40
"Saving Grace             ",634
"The Cottage ",639
"Dead Like Me: Life After Death ",887
"Farce of the Penguins ",419
"Flying By ",38
"Henry & Me ",165
"We Have Your Husband ",58
"Born of War ",190
"Capricorn One ",2000
"Should've Been Romeo ",35
"Running Forever ",49
"I Served the King of England ",1000
"The Awakening ",10000
"Tristram Shandy: A Cock and Bull Story ",750
"Take Shelter ",14000
"Driving Lessons ",864
"Only God Forgives ",30000
"Camping sauvage ",11
"Without Men ",491
"Barfi ",2
"Dear Frankie ",2000
"All Hat ",31
"Treading Water ",199
"Out of the Blue ",285
"Secrets and Lies             ",2000
"Bound ",2000
"Requiem for a Dream ",38000
"State Fair ",501
"Tango ",539
"Salvador ",1000
"Donnie Darko ",33000
"Character ",689
"Spun ",3000
"Lady Vengeance ",4000
"Exiled ",528
"After.Life ",7000
"Fugly ",62
"One Flew Over the Cuckoo's Nest ",32000
"R.L. Stine's Monsterville: The Cabinet of Souls ",224
"Silent Movie ",629
"Airlift ",10000
"Paa ",504
"Cargo ",2000
"Pan ",24000
"Love and Death on Long Island ",61
"Lost in Translation ",17000
"The Greatest Show on Earth ",625
"Exodus: Gods and Kings ",51000
"Maggie ",22000
"The Front Page ",661
"The Boy Next Door ",8000
"Trapeze ",283
"Saving Grace             ",634
"The Kids Are All Right ",16000
"They Live ",27000
"The Great Escape ",8000
"What the #$*! Do We (K)now!? ",2000
"Boyhood ",92000
"The Wash ",842
"3 Strikes ",118
"The Cooler ",762
"The Night Listener ",576
"The Jerky Boys ",138
"The Orphanage ",11000
"Topaz ",414
"Let's Go to Prison ",931
"Secretary ",15000
"The Real Cancun ",131
"Talk Radio ",816
"Love Stinks ",309
"You Kill Me ",830
"Thumbsucker ",708
"Red State ",16000
"Samsara ",26000
"The Barbarians ",550
"Zipper ",987
"Poolhall Junkies ",872
"The Loss of Sexual Innocence ",111
"Holy Motors ",12000
"Joe ",11000
"Shooting Fish ",167
"Prison ",314
"Psycho Beach Party ",614
"The Big Tease ",182
"Trust ",10000
"An Everlasting Piece ",132
"Among Giants ",108
"The Velocity of Gary ",98
"Sonny with a Chance             ",325
"The Last Time I Committed Suicide ",161
"Futuro Beach ",278
"Another Happy Day ",798
"Nothing ",688
"The Geographer Drank His Globe Away ",282
"Inescapable ",657
"Hell's Angels ",279
"Purple Violets ",296
"No Vacancy ",531
"How to Fall in Love ",170
"The Perfect Wave ",365
"A Man for All Seasons ",2000
"Network ",17000
"Gone with the Wind ",16000
"Major Dundee ",251
"Down for Life ",237
"Annie Get Your Gun ",456
"Four Lions ",17000
"House of Sand ",385
"The Pirate ",359
"Unknown ",29000
"Airplane! ",16000
"Chain of Command ",358
"Friday ",8000
"Empire             ",14000
"Creepshow 2 ",1000
"The Ballad of Cable Hogue ",357
"The Nun's Story ",930
"Harper ",470
"The Witch ",43000
"I Got the Hook Up ",280
"She's the One ",453
"The Secret in Their Eyes ",33000
"Day of the Dead ",3000
"Train ",804
"Sharknado ",93000
"La otra conquista ",140
"Trollhunter ",38000
"Ira & Abby ",360
"The Watch ",15000
"Winter Passing ",414
"D.E.B.S. ",1000
"The Betrayed ",127
"Taxman ",18
"The Secret             ",405
"2:13 ",211
"Batman: The Dark Knight Returns, Part 2 ",5000
"Time to Choose ",121
"In the Name of the King: The Last Job ",721
"Wicked Blood ",482
"Dawn Patrol ",570
"Lords of London ",606
"Margin Call ",21000
"August ",224
"Whiplash ",129000
"City of God ",28000
"The Dead Girl ",799
"The Hunt ",60000
"A Christmas Story ",18000
"Class of 1984 ",934
"Dreaming of Joseph Lees ",100
"Rosemary's Baby ",13000
"Beginners ",15000
"It's a Wonderful Life ",41000
"Trainspotting ",21000
"The Original Kings of Comedy ",290
"Paranormal Activity 2 ",14000
"Bowling for Columbine ",4000
"The Purge ",31000
"Sinister ",58000
"Martin Lawrence Live: Runteldat ",63
"Air Bud ",902
"Pokémon 3: The Movie ",38
"Spaced Invaders ",710
"Family Plot ",609
"Jason Goes to Hell: The Final Friday ",949
"Torn Curtain ",933
"Dave Chappelle's Block Party ",635
"Krush Groove ",889
"Next Day Air ",545
"Elmer Gantry ",808
"Trippin' ",143
"Robot Chicken             ",1000
"Phat Girlz ",837
"Before Midnight ",62000
"Teen Wolf Too ",491
"Phantasm II ",812
"Woman Thou Art Loosed ",187
"Real Women Have Curves ",595
"Deadline Gallipoli             ",367
"East Is East ",1000
"Whipped ",131
"Warlock: The Armageddon ",217
"8 Heads in a Duffel Bag ",417
"Thirteen Conversations About One Thing ",430
"Frances Ha ",11000
"DysFunktional Family ",26
"Tusk ",20000
"Oldboy ",43000
"Hobo with a Shotgun ",37000
"Compadres ",174
"Love's Abiding Joy ",76
"Creature             ",518
"BrainDead             ",3000
"Brave New Girl ",47
"The Grand             ",450
"Summer Storm ",442
"Fort McCoy ",348
"Just Looking ",117
"The Eclipse ",580
"My Big Fat Independent Movie ",48
"Alice in Wonderland ",24000
"The Deported ",54
"Tanner Hall ",448
"Open Road ",433
"30 Nights of Paranormal Activity with the Devil Inside the Girl with the Dragon Tattoo ",2000
"Never Back Down 2: The Beatdown ",6000
"Point Blank ",3000
"Four Single Fathers ",32
"Enter the Dangerous Mind ",406
"Something Wicked ",395
"AWOL-72 ",398
"Iguana ",37
"Cinderella ",56000
"Chicago Overcoat ",229
"Barry Munday ",480
"Pocketful of Miracles ",612
"Close Range ",968
"Boynton Beach Club ",88
"Amnesiac ",421
"The Omen ",7000
"Unnatural ",369
"Some Like It Hot ",10000
"The Wizard of Oz ",14000
"Young Frankenstein ",14000
"Lage Raho Munna Bhai ",349
"Ulee's Gold ",381
"Sardaar Ji ",50
"Journey to Saturn ",77
"Donovan's Reef ",573
"The Dress ",121
"A Guy Named Joe ",116
"Blazing Saddles ",12000
"Ida ",17000
"Maurice ",963
"Beer League ",323
"The Astronaut's Wife ",1000
"Silver Medallist ",30
"Timber Falls ",254
"Fat, Sick & Nearly Dead ",10000
"Halloween II ",3000
"Escape from the Planet of the Apes ",819
"Hud ",1000
"Before Sunrise ",22000
"Sur le seuil ",39
"Jesus' Son ",500
"Saving Face ",774
"Brick Lane ",430
"Robot & Frank ",13000
"The Spectacular Now ",10000
"Marilyn Hotchkiss' Ballroom Dancing and Charm School ",16
"Religulous ",24000
"Fuel ",588
"Valley of the Heart's Delight ",144
"Eye of the Dolphin ",140
"Anatomy ",560
"Super ",19000
"Christmas Mail ",190
"Antibirth ",89
"Get on the Bus ",352
"Thr3e ",250
"Idiocracy ",79000
"This Is England ",11000
"Bathing Beauty ",144
"Go for It! ",566
"Dancer, Texas Pop. 81 ",500
"Show Boat ",438
"Redemption Road ",279
"Fantasia ",3000
"8 Days ",224
"Friday the 13th: A New Beginning ",1000
"The Last Sin Eater ",285
"Do You Believe? ",13000
"Impact Point ",77
"The Valley of Decision ",68
"Eden ",452
"Chicken Tikka Masala ",172
"Always Woodstock ",107
"Jack Brooks: Monster Slayer ",870
"Mi America ",305
"[Rec] ",15000
"Lies in Plain Sight ",162
"Sharkskin ",14
"Containment ",275
"The Timber ",380
"The Toxic Avenger Part II ",321
"In the Heat of the Night             ",763
"It Follows ",45000
"To Kill a Mockingbird ",15000
"The Lives of Others ",39000
"Courageous ",10000
"Boom Town ",236
"Before Sunset ",13000
"Amores Perros ",11000
"Winter's Bone ",20000
"Alexander's Ragtime Band ",60
"Inside Job ",63000
"Full Frontal ",134
"Strangers with Candy             ",558
"The Book of Mormon Movie, Volume 1: The Journey ",32
"Get Real             ",43
"Inside Deep Throat ",592
"Dinner Rush ",495
"Clockwatchers ",166
"The Virginity Hit ",974
"Subway ",739
"House of D ",857
"Teeth ",17000
"Hum To Mohabbat Karega ",10
"Saint John of Las Vegas ",407
"24 7: Twenty Four Seven ",224
"Eureka             ",3000
"Roadside Romeo ",39
"This Thing of Ours ",61
"The Lost Medallion: The Adventures of Billy Stone ",715
"The Missing Person ",195
"Return of the Living Dead III ",810
"Sherrybaby ",474
"Stealing Harvard ",215
"Plush ",604
"Gangster's Paradise: Jerusalema ",1000
"Freeze Frame ",205
"Supercapitalist ",115
"Rockaway ",44
"Wings             ",1000
"No Man's Land: The Rise of Reeker ",153
"Highway ",912
"The Ghastly Love of Johnny X ",655
"All Is Bright ",825
"The Torture Chamber of Dr. Sadism ",200
"A Funny Thing Happened on the Way to the Forum ",805
"Slacker Uprising ",69
"The Legend of Hell's Gate: An American Conspiracy ",651
"Shark Lake ",728
"Northfork ",298
"The Marine 4: Moving Target ",620
"Buried ",24000
"Submarine ",17000
"One to Another ",104
"Carrie ",39000
"ABCD (Any Body Can Dance) ",1000
"A Nightmare on Elm Street ",10000
"Abandoned ",213
"Brotherly Love ",1000
"Nowhere Boy ",10000
"A Streetcar Named Desire ",5000
"Dr. Strangelove or: How I Learned to Stop Worrying and Love the Bomb ",18000
"El crimen del padre Amaro ",544
"Beasts of the Southern Wild ",31000
"Battle for the Planet of the Apes ",511
"Higher Ground ",952
"Vaalu ",82
"Ed and His Dead Mother ",266
"Travelers and Magicians ",353
"Deadline - U.S.A. ",169
"Sublime ",368
"A Beginner's Guide to Snuff ",8
"Independence Daysaster ",566
"Dysfunctional Friends ",569
"Against the Wild ",326
"Living Dark: The Story of Ted the Caver ",73
"Conquest of the Planet of the Apes ",794
"In the Bedroom ",951
"I Spit on Your Grave ",17000
"Happy, Texas ",374
"My Summer of Love ",869
"The Lunchbox ",16000
"Yes ",305
"She Wore a Yellow Ribbon ",721
"Foolish ",43
"N-Secure ",588
"Out of the Dark ",844
"The Conversation ",6000
"Dil Jo Bhi Kahey... ",9
"Mississippi Mermaid ",278
"I Love Your Work ",63
"Cabin Fever ",2000
"Dawn of the Dead ",7000
"Kissing Jessica Stein ",682
"A Woman, a Gun and a Noodle Shop ",784
"Exotica ",619
"Insidious ",60000
"The Ballad of Jack and Rose ",608
"Killing Zoe ",853
"Snow Angels ",415
"Unsullied ",307
"Stolen Summer ",304
"The Salon ",68
"Road Hard ",212
"Forty Shades of Blue ",216
"Amigo ",594
"Trucker ",371
"Me You and Five Bucks ",132
"The Lords of Salem ",15000
"Housebound ",10000
"Fetching Cody ",193
"Once Upon a Time in Queens ",283
"Mutant World ",236
"Growing Up Smith ",232
"Checkmate ",402
"Jack Reacher ",38000
"#Horror ",750
"Wind Walkers ",135
"The Holy Girl ",57
"Shalako ",209
"Incident at Loch Ness ",400
"The Dog Lover ",724
"Girl House ",969
"The Blue Room ",389
"House at the End of the Drive ",223
"Lock, Stock and Two Smoking Barrels ",21000
"The Ballad of Gregorio Cortez ",32
"The Streets of San Francisco             ",533
"The Celebration ",5000
"Trees Lounge ",872
"Journey from the Fall ",100
"The Basket ",117
"Eddie: The Sleepwalking Cannibal ",932
"Space: Above and Beyond             ",963
"Def-Con 4 ",220
"The Hebrew Hammer ",3000
"Neal 'N' Nikki ",66
"Forget Me Not ",969
"The Lion of Judah ",381
"Niagara ",1000
"The Girlfriend Experience             ",632
"Da Sweet Blood of Jesus ",447
"Sex, Lies, and Videotape ",2000
"The Algerian ",221
"The Amazing Catfish ",407
"You Can Count on Me ",756
"Lucky Number Slevin ",10000
"Reservoir Dogs ",19000
"The Blue Bird ",548
"The Good, the Bad and the Ugly ",20000
"Down and Out with the Dolls ",27
"Pink Ribbons, Inc. ",5000
"Certifiably Jonathan ",87
"Q ",754
"The Knife of Don Juan ",75
"Grand Theft Parsons ",480
"Extreme Movie ",636
"The Charge of the Light Brigade ",204
"Below Zero ",161
"Crowsnest ",238
"Cotton Comes to Harlem ",477
"The Wicked Within ",479
"Bleeding Hearts ",242
"Wolf Creek             ",954
"From a Whisper to a Scream ",241
"Sex with Strangers ",51
"Dracula: Pages from a Virgin's Diary ",131
"The Raid: Redemption ",51000
"The Dead Undead ",444
"The Vatican Exorcisms ",200
"Casablanca ",23000
"Rocket Singh: Salesman of the Year ",773
"The Sleepwalker ",234
"The Fog ",7000
"Tom Jones ",328
"Unfriended ",13000
"Taxi Driver ",35000
"Dr. No ",5000
"Chernobyl Diaries ",24000
"Cry_Wolf ",816
"Godzilla 2000 ",339
"Blue Valentine ",25000
"The Devil Inside ",12000
"Love Me Tender ",365
"Sands of Iwo Jima ",624
"The Green Inferno ",12000
"Departure ",75
"The Sessions ",11000
"Food, Inc. ",37000
"Next Stop Wonderland ",392
"Juno ",10000
"20 Feet from Stardom ",14000
"Two Girls and a Guy ",387
"Walking and Talking ",227
"The Broken Hearts Club: A Romantic Comedy ",671
"Goosebumps ",35000
"Slam ",603
"Brigham City ",100
"Fiza ",92
"All the Real Girls ",571
"Dream with the Fishes ",166
"Blue Car ",115
"Luminarias ",24
"Wristcutters: A Love Story ",11000
"I Origins ",32000
"The Battle of Shaker Heights ",150
"The Lovely Bones ",16000
"The Act of Killing ",20000
"Once in a Lifetime: The Extraordinary Story of the New York Cosmos ",587
"Guiana 1838 ",32
"Lisa Picard Is Famous ",25
"Hardflip ",706
"Chocolate: Deep Dark Secrets ",31
"Safe Men ",157
"Speedway Junky ",27
"The Last Big Thing ",43
"The Specials ",210
"16 to Life ",143
"Alone with Her ",244
"Creative Control ",793
"Sparkler ",17
"The Helix... Loaded ",128
"In Her Line of Fire ",42
"The Jimmy Show ",47
"Karachi se Lahore ",259
"Loving Annabelle ",501
"Hits ",903
"Jimmy and Judy ",138
"Frat Party ",297
"The Party's Over ",32
"Proud ",141
"The Poker House ",599
"Childless ",3
"Snow White: A Deadly Summer ",150
"Hidden Away ",68
"My Last Day Without You ",370
"Steppin: The Movie ",41
"Doc Holliday's Revenge ",54
"Truth or Die ",968
"The Pet ",91
"Bang Bang Baby ",48
"Fear Clinic ",936
"A Fine Step ",212
"Trance ",23000
"Charly ",785
"Banshee Chapter ",2000
"Jesse             ",57
"Ask Me Anything ",884
"And Then Came Love ",42
"Food Chains ",489
"L!fe Happens ",995
"4 Months, 3 Weeks and 2 Days ",14000
"The Horror Network Vol. 1 ",52
"Hard Candy ",12000
"The Quiet ",698
"Fruitvale Station ",17000
"The Hammer ",337
"Snitch ",12000
"Elza ",24
"1982 ",181
"Time Changer ",409
"London to Brighton ",933
"American Hero ",549
"Windsor Drive ",312
"A Separation ",48000
"Crying with Laughter ",33
"Ruby in Paradise ",81
"Raising Victor Vargas ",219
"Pandora's Box ",926
"Harrison Montgomery ",18
"Live-In Maid ",83
"Deterrence ",130
"The Mudge Boy ",396
"The Young Unknowns ",4
"Dead Snow ",23000
"Saints and Soldiers ",1000
"Vessel ",14
"Iraq for Sale: The War Profiteers ",274
"Aqua Teen Hunger Force Colon Movie Film for Theaters ",307
"Safety Not Guaranteed ",31000
"Kevin Hart: Laugh at My Pain ",614
"Interview with the Assassin ",163
"All the Boys Love Mandy Lane ",2000
"Bled ",128
"High Noon ",3000
"Rize ",903
"Destiny ",1000
"L.I.E. ",420
"The Sisterhood of Night ",523
"B-Girl ",303
"Naturally Native ",102
"Hav Plenty ",161
"Adulterers ",158
"Starsuckers ",203
"The Hadza: Last of the First ",5
"After ",1000
"Top Hat ",1000
"Mercy Streets ",12
"Arnolds Park ",11
"Broken Vessels ",51
"Water & Power ",358
"They Will Have to Kill Us First ",34
"Crop Circles: Quest for Truth ",32
"Light from the Darkroom ",9
"Irreplaceable ",36
"The Maid's Room ",128
"The Harvest/La Cosecha ",88
"Love Letters ",7
"Julija in alfa Romeo ",18
"Faith Connections ",126
"Benji ",816
"High Road ",244
"Mad Hot Ballroom ",588
"Wordplay ",694
"Beyond the Mat ",491
"The Singles Ward ",43
"Sholem Aleichem: Laughing in the Darkness ",287
"The R.M. ",44
"Twin Falls Idaho ",180
"Mean Creek ",1000
"Hurricane Streets ",51
"Never Again ",139
"Civil Brand ",86
"Lonesome Jim ",238
"Deceptive Practice: The Mysteries and Mentors of Ricky Jay ",590
"Seven Samurai ",11000
"Johnny Suede ",344
"Finishing the Game: The Search for a New Bruce Lee ",155
"Rubber ",46000
"Home ",26000
"Kiss the Bride ",60
"The Slaughter Rule ",183
"Monsters ",19000
"The Californians ",29
"The Living Wake ",339
"Detention of the Dead ",898
"Crazy Stone ",23
"Scott Walker: 30 Century Man ",808
"Everything Put Together ",22
"The Outrageous Sophie Tucker ",16
"America Is Still the Place ",337
"Subconscious ",353
"Enter Nowhere ",701
"The King of Najayo ",126
"Fight to the Finish ",381
"Alleluia! The Devil's Carnival ",707
"The Sound and the Shadow ",70
"Born to Fly: Elizabeth Streb vs. Gravity ",44
"The Little Ponderosa Zoo ",9
"Oz the Great and Powerful ",60000
"Straight Out of Brooklyn ",123
"Diamond Ruff ",62
"Mutual Friends ",31
"42nd Street ",439
"Rise of the Entrepreneur: The Search for a Better Way ",460
"Metropolitan ",865
"Roadside ",61
"Paranormal Activity ",12000
"Monty Python and the Holy Grail ",14000
"Quinceañera ",426
"Gory Gory Hallelujah ",39
"Tarnation ",754
"I Want Your Money ",638
"Love in the Time of Monsters ",194
"The Beyond ",2000
"Home Movies             ",526
"The Dark Hours ",166
"Fabled ",7
"Show Me ",12
"Intolerance: Love's Struggle Throughout the Ages ",691
"Trekkies ",672
"The Broadway Melody ",167
"The Evil Dead ",12000
"Censored Voices ",111
"American Ninja 2: The Confrontation ",583
"51 Birch Street ",70
"Revolution             ",17000
"Rotor DR1 ",240
"Halloween ",12000
"12 Angry Men ",40000
"My Dog Tulip ",675
"Dogtooth ",13000
"Tumbleweeds ",121
"When the Cat's Away ",166
"The Big Swap ",29
"Old Joy ",594
"3 Backyards ",92
"Pierrot le Fou ",2000
"Sisters in Law ",50
"Ayurveda: Art of Being ",379
"Nothing But a Man ",363
"First Love, Last Rites ",26
"Fighting Tommy Riley ",30
"Royal Kill ",53
"Across the Universe ",14000
"The Looking Glass ",175
"Locker 13 ",261
"Midnight Cabaret ",4
"Anderson's Cross ",7
"Bizarre ",114
"Graduation Day ",249
"Lovely & Amazing ",169
"Death Calls ",16
"Better Luck Tomorrow ",661
"The Incredibly True Adventure of Two Girls in Love ",423
"Chuck & Buck ",170
"American Desi ",133
"Amidst the Devil's Wings ",17
"Cube ",11000
"Love and Other Catastrophes ",46
"I Married a Strange Person! ",178
"November ",98
"Like Crazy ",12000
"Teeth and Blood ",85
"Sugar Town ",93
"The Motel ",62
"Happy Valley             ",10000
"On the Outs ",122
"Shotgun Stories ",773
"Exam ",14000
"The Sticky Fingers of Time ",67
"Sunday School Musical ",777
"Rust ",141
"Ink ",11000
"Butterfly ",76
"UnDivided ",53
"The Frozen ",519
"The Love Letter ",515
"Horse Camp ",71
"Give Me Shelter ",199
"The Big Parade ",226
"Little Big Top ",72
"Along the Roadside ",231
"Bronson ",22000
"Western Religion ",244
"Burn ",801
"Urbania ",72
"The Stewardesses ",17
"The Beast from 20,000 Fathoms ",465
"Mad Max ",10000
"She Done Him Wrong ",328
"Short Cut to Nirvana: Kumbh Mela ",30
"Middle of Nowhere ",569
"3 ",2000
"The Business of Fancydancing ",96
"Call + Response ",26
"Side Effects ",29000
"Malevolence ",198
"Shooting the Warwicks ",47
"Baghead ",443
"Solitude ",267
"The Case of the Grinning Cat ",44
"Ordet ",863
"The Man from Earth ",46000
"The Trials of Darryl Hunt ",246
"An American Girl Holiday ",90
"Yesterday Was a Lie ",83
"Theresa Is a Mother ",38
"H. ",142
"Archaeology of a Woman ",66
"She's Gotta Have It ",406
"Butterfly Girl ",88
"The World Is Mine ",34
"Another Earth ",21000
"Sweet Sweetback's Baadasssss Song ",566
"Perfect Cowboy ",65
"Tadpole ",132
"Once ",26000
"The Woman Chaser ",73
"Heroes of Dirt ",197
"Antarctic Edge: 70° South ",215
"Aroused ",207
"Top Spin ",116
"Roger & Me ",667
"An American in Hollywood ",72
"The Brain That Sings ",54
"The Blood of My Brother ",14
"Your Sister's Sister ",3000
"A Dog's Breakfast ",377
"A Dog's Breakfast ",377
"Une Femme Mariée ",187
"Hollywood Shuffle ",471
"Penitentiary ",157
"Dude, Where's My Dog?! ",178
"Closure ",246
"Open Secret ",10
"Echo Dr. ",17
"The Night Visitor ",65
"The Past is a Grotesque Animal ",82
"Peace, Propaganda & the Promised Land ",110
"Pi ",24000
"I Love You, Don't Touch Me! ",97
"20 Dates ",30
"Queen Crab ",34
"Happy Christmas ",812
"The Brain That Wouldn't Die ",1000
"Tiger Orange ",182
"Supporting Characters ",209
"Absentia ",3000
"The Brothers McMullen ",265
"The Dirties ",1000
"Gabriela ",114
"Hayride ",284
"The Naked Ape ",2
"Counting ",5
"Bending Steel ",33
"The Signal ",10000
"The Image Revolution ",83
"This Is Martin Bonner ",234
"A True Story ",72
"George Washington ",451
"Dawn of the Crescent Moon ",87
"Raymond Did It ",239
"Run, Hide, Die ",225
"The Exploding Girl ",377
"The Legend of God's Gun ",13
"Mutual Appreciation ",91
"Her Cry: La Llorona Investigation ",48
"Down Terrace ",535
"Pink Narcissus ",85
"Funny Ha Ha ",108
"In the Company of Men ",489
"Sabotage ",10000
"Manito ",61
"Slacker ",2000
"Dutch Kills ",33
"Dry Spell ",200
"Flywheel ",725
"The Ridges ",33
"The Puffy Chair ",297
"Stories of Our Lives ",45
"Breaking Upwards ",324
"All Superheroes Must Die ",835
"Clean ",171
"The Circle ",697
"Tin Can Man ",105
"The Cure ",817
"On the Downlow ",22
"Sanctuary; Quite a Conundrum ",424
"Bang ",20
"Primer ",19000
"Cavite ",74
"The Mongol King ",4
"Newlyweds ",413
"Signed Sealed Delivered ",84
"The Following             ",32000
"A Plague So Pleasant ",16
"Shanghai Calling ",660
"My Date with Drew ",456
