"release_year","duration_x","avg_vote","title_x"
2019,90,3.2,"norm of the north: king sized adventure"
2017,99,5.2,"#realityhigh"
2014,110,4.3,"automata"
2014,90,5.5,"good people"
2015,95,6.1,"kidnapping mr. heineken"
2015,135,6.9,"love"
2014,98,5.5,"manhattan romance"
2015,96,6.1,"moonwalkers"
2015,90,5.6,"the runner"
2015,80,5.6,"6 years"
2018,77,6.5,"city of joy"
2018,106,6.6,"next gen"
2018,106,5.8,"sierra burgess is a loser"
2016,114,6,"cézanne et moi"
2019,125,8.2,"article 15"
2018,133,7.9,"ee nagaraniki emaindi"
2019,1,6.2,"the spy"
2015,86,5.4,"hell and back"
2014,146,8.1,"pk"
2015,79,4.8,"hard tide"
2012,122,4.7,"atm"
2016,135,7,"one day"
2004,96,7.1,"shutter"
2016,98,6.6,"carrie pilby"
2016,1,4,"no tomorrow"
2016,128,7,"saawan"
2017,88,4.7,"the heretics"
2019,108,5.2,"the world we make"
2019,93,5.2,"watchman"
2018,135,7.3,"black panther"
2015,88,6.1,"man up"
2016,1,7.3,"frequency"
2012,107,6.5,"big miracle"
2014,1,5.2,"lovesick"
2018,96,6.6,"the debt collector"
2010,112,5.5,"act of vengeance"
2018,111,4.7,"paradise lost"
2017,103,6.6,"gerald's game"
2017,40,6.8,"long shot"
2017,103,6.9,"our souls at night"
2019,89,3.7,"domino"
2018,126,5.6,"hold the dark"
2015,127,6.8,"single"
2013,163,7.6,"the sinking of van der wijck"
2018,102,4.6,"deliha 2"
2019,116,6.2,"in the shadow of the moon"
2015,104,6.2,"much loved"
2019,133,5.9,"malaal"
2018,103,5.1,"the hurricane heist"
2019,97,5.7,"furie"
2016,130,5.2,"uss indianapolis: men of courage"
2018,110,4.2,"a wrinkle in time"
2016,91,4.3,"white island"
2019,106,5.6,"inside man: most wanted"
2017,111,3,"china salesman"
2014,112,5.9,"swearnet: the movie"
2019,152,4.8,"manmadhudu 2"
2018,87,5.2,"under the eiffel tower"
2018,101,7.3,"in darkness"
2016,119,5.3,"the bad batch"
2015,83,3.3,"smosh: the movie"
2018,182,5.8,"king of boys"
2017,98,4.5,"the wedding party 2: destination dubai"
2018,1,6.4,"hilda"
2018,1,3.7,"maniac"
2019,83,6.1,"between two ferns: the movie"
2019,82,4.1,"daddy issues"
2016,102,6.2,"mad world"
2016,116,5.8,"bitcoin heist"
2016,101,5.5,"vincent n roxxy"
2014,130,6.2,"miss julie"
2019,171,7.1,"kabir singh"
2017,112,6.5,"the endless"
2016,112,5.7,"come and find me"
2018,103,6.4,"class rank"
2011,1,5.7,"forget me not"
2012,1,6,"the beat"
2019,88,6.5,"avengement"
2016,91,5.4,"i am wrath"
2014,93,6.2,"as above, so below"
2010,112,7.5,"scott pilgrim vs. the world"
2016,89,6.4,"arq"
2019,86,7.2,"the outsider"
2016,92,6.4,"cardboard gangsters"
2018,153,7.2,"eeda"
2017,111,6.6,"galih dan ratna"
2005,141,7.6,"gie"
2017,110,7.6,"samantaral"
2017,137,7.2,"first they killed my father"
2016,132,7.1,"janaan"
2017,87,7,"larceny"
2016,92,7.1,"rumble"
2016,91,3.6,"natural born pranksters"
2018,95,5.6,"we have always lived in the castle"
2010,100,5.3,"still"
2018,114,6.6,"the angel"
2018,98,6.2,"the land of steady habits"
2019,87,3.5,"deviant love"
2018,90,5.4,"head count"
2019,1,6.2,"marianne"
2019,103,5.2,"tall girl"
2018,88,6.3,"time trap"
2013,96,6.4,"turbo"
2018,1,6.8,"life"
2014,89,5.1,"the forgotten"
2010,140,5.8,"eat pray love"
2019,96,7,"evelyn"
2017,96,6,"68 kill"
2000,102,7.6,"american psycho"
1997,108,5.9,"dante's peak"
2012,81,7.3,"elena"
2017,102,5,"first kill"
2008,87,6,"igor"
2005,94,6.2,"just friends"
2007,88,5.1,"mr. woodcock"
2009,109,7.4,"my sister's keeper"
2003,138,7.9,"mystic river"
2006,86,6.1,"open season"
2012,112,6.1,"phone swap"
2006,98,5.7,"poseidon"
2008,113,6.7,"rachel getting married"
1981,106,6.9,"stripes"
2007,113,7.6,"superbad"
2017,119,6.3,"the bridge"
2006,98,6.8,"the lake house"
2010,88,5.6,"the last exorcism"
1997,116,6.3,"the saint"
2009,106,6.4,"the taking of pelham 123"
2008,113,5.5,"you don't mess with the zohan"
2005,110,7.3,"brick"
2017,104,6.9,"carbon"
2018,96,3.8,"delirium"
2018,109,5.2,"garbage"
2018,95,6.2,"hope aur hum"
2017,110,7.3,"love and shukla"
2007,79,5.8,"murder party"
2018,101,7,"once again"
2018,1,6.9,"sisters"
2017,94,6.3,"sparring"
2017,86,5.8,"stephanie"
2017,84,5.6,"terrifier"
2017,95,6.3,"the keeping hours"
2017,113,6.7,"the promise"
1994,111,6.4,"the river wild"
2006,90,6,"brother's shadow"
1988,1,5.8,"high risk"
2017,95,5.7,"little evil"
1974,162,6.9,"manoranjan"
2016,89,5,"offline - das leben ist kein bonuslevel"
1986,84,6.7,"she's gotta have it"
1984,160,6.2,"sohni mahiwal"
2016,99,4.4,"the drowning"
2015,88,5.5,"bon bini holland"
2015,1,5.4,"conspiracy"
2014,93,7,"dukhtar"
2016,103,4.2,"holy hell"
2019,106,7,"after"
2019,87,4.4,"home is where the killer is"
2009,96,6.7,"garuda di dadaku"
2016,98,7.2,"surat dari praha"
2018,119,6.7,"pulang"
2014,111,7,"the water diviner"
2016,108,7.2,"the siege of jadotville"
2018,101,5.4,"love for sale"
2015,92,4.8,"jackpot"
2019,109,5.8,"noblemen"
2018,1,6.1,"lost song"
2018,89,5.3,"malevolent"
2018,124,5.7,"private life"
2019,102,5.4,"in the tall grass"
2016,84,7.4,"compulsion"
2008,85,3.9,"the haunting of molly hartley"
2019,1,3.7,"nowhere man"
2015,118,7.6,"heneral luna"
2019,126,7.4,"mehandi circus"
2016,122,5.7,"shorgul"
2017,75,3.2,"spf-18"
2017,121,6.6,"the black prince"
2017,88,5.6,"truth or dare"
2017,90,5.2,"cult of chucky"
2017,92,5.7,"security"
2017,87,6.9,"kings"
2015,102,6.1,"equals"
2017,93,4.8,"pup star: better 2gether"
2016,89,4.5,"i am the pretty thing that lives in the house"
2016,81,5.8,"west coast"
2018,89,4.5,"14 cameras"
2016,77,6.8,"7 años"
2015,85,5.8,"manson family vacation"
2019,88,4.9,"the last whistle"
2018,100,5.4,"been so long"
2018,126,6.4,"dovlatov"
2019,89,3.3,"incoming"
2018,90,5.4,"jefe"
2018,115,6,"w/o ram"
2016,91,5.9,"strange weather"
2015,98,6,"a tale of love and darkness"
2019,94,5.3,"assimilate"
2019,1,6.4,"brotherhood"
2019,118,7.3,"dolemite is my name"
2019,86,4.6,"rattlesnake"
2015,168,7.8,"the hateful eight"
2019,1,6.2,"daybreak"
2019,92,5.2,"revenge of the pontianak"
2018,1,6.5,"bodyguard"
2017,1,7.1,"the mist"
2014,95,5,"american heist"
2015,97,6.3,"while we're young"
2015,96,6.8,"i'll see you in my dreams"
1974,83,6.2,"the texas chainsaw massacre"
2015,94,5.6,"tracers"
2010,115,7.1,"aashayein"
2007,148,7.3,"bhool bhulaiyaa"
2006,149,5.2,"humko deewana kar gaye"
2010,113,2.8,"kajraare"
2008,137,2.1,"karzzzz"
2011,140,5.6,"patiala house"
2011,144,7.2,"ready"
2015,105,5.4,"results"
2016,91,6.4,"free fire"
2016,1,4.9,"containment"
2014,161,7.6,"the gospel of john"
2017,103,6.3,"1922"
2017,82,6.4,"wheelman"
2016,1,6.4,"border patrol"
2015,101,6.5,"sleeping with other people"
1997,98,7.3,"men in black"
2018,118,6.5,"the command"
2018,86,5.6,"gnome alone"
2013,122,7.1,"naa bangaaru talli"
2015,205,6.8,"the gospel of luke"
2015,123,7.8,"the gospel of mark"
2014,190,8,"the gospel of matthew"
2018,121,7,"the night comes for us"
2018,1,5.6,"wanderlust"
2016,121,6,"93 days"
2019,98,4.1,"eli"
2019,96,6.3,"the laundromat"
2018,99,5.2,"up north"
2019,112,6.6,"upstarts"
2018,131,5.1,"mr. chandramouli"
2010,140,7.2,"the karate kid"
2015,97,5.3,"sinister 2"
2017,135,4.9,"baadshaho"
2013,96,6.2,"closed circuit"
2012,1,5.9,"laws of attraction"
2017,144,6.2,"lucknow central"
2015,111,6.8,"a family affair"
2015,137,7.7,"beasts of no nation"
2015,86,3.3,"circle"
2018,159,7.8,"sanju"
2016,108,3,"a scandall"
2013,127,6.5,"ankur arora murder case"
2015,126,6.9,"calendar girls"
2017,119,6.3,"el che"
2015,109,7.5,"gour hari dastaan: the freedom file"
2013,132,6.8,"jal"
2016,84,5,"money"
2016,93,6.2,"one night stand"
2017,96,6.3,"otherlife"
2016,145,5.3,"sardaarji 2"
1960,158,6.5,"singapore"
2016,117,5.3,"veerappan"
2015,91,6.1,"blind date"
2006,1,4.5,"death note"
2015,135,7.4,"suburra"
2018,131,7.4,"soorma"
2016,83,6.7,"blessed benefit"
2017,85,5.7,"the babysitter"
2017,113,6.9,"the meyerowitz stories (new and selected)"
2016,95,5.7,"mascots"
2018,130,6.3,"apostle"
2018,106,6.1,"kuntilanak"
2018,97,6.7,"the kindergarten teacher"
2019,123,7.3,"el camino: a breaking bad movie"
2019,100,4.2,"fractured"
2019,77,3.9,"a.m.i."
2001,103,6.4,"along came a spider"
1995,119,7.2,"bad boys"
2003,147,6.6,"bad boys ii"
2001,123,7.6,"blow"
1992,99,6.6,"candyman"
2000,98,5.5,"charlie's angels"
2003,106,4.9,"charlie's angels: full throttle"
2016,1,6,"cheese in the trap"
2004,112,6.4,"crash"
2003,85,3.4,"dumb and dumberer: when harry met lloyd"
2014,91,5.8,"earth to echo"
2001,101,5.6,"exit wounds"
2018,90,4,"first kiss"
1997,96,5.7,"good burger"
2007,99,5.6,"good luck chuck"
2008,101,6.6,"harold & kumar escape from guantanamo bay"
2011,111,5.3,"honey 2"
2009,121,6.2,"knowing"
2017,59,7.4,"limitless"
1985,90,6.5,"medium"
2002,88,6.2,"men in black ii"
2007,104,6.3,"no reservations"
2007,122,6.9,"ocean's thirteen"
2004,125,6.5,"ocean's twelve"
1980,129,8.2,"raging bull"
1997,121,6.2,"scream 2"
2005,124,8,"sin city"
1984,125,4.4,"supergirl"
2006,154,6,"superman returns"
2007,86,6.7,"surf's up"
2010,111,6.6,"the bounty hunter"
2007,97,7.4,"the bucket list"
1994,91,4.9,"the flintstones"
2000,91,3.6,"the flintstones in viva rock vegas"
2006,117,8,"the pursuit of happyness"
1998,81,5.9,"the rugrats movie"
2005,81,7.3,"the squid and the whale"
2009,107,7.1,"the time traveler's wife"
1996,94,8.1,"trainspotting"
2004,163,7.2,"troy"
2006,90,5.3,"unaccompanied minors"
2017,96,5.8,"walking out"
2017,91,5.1,"a witches' ball"
2009,97,2.9,"agyaat"
2014,146,5,"anjaan"
2009,133,6.7,"brooklyn's finest"
2017,106,6.5,"chappaquiddick"
2009,137,8,"dev.d"
2017,141,6.9,"dushman"
2012,106,5.7,"ek main aur ekk tu"
2013,137,7.1,"haani"
2014,129,5.9,"happy go lucky"
2017,155,6.5,"jagga jasoos"
2014,142,6.7,"jatt james bond"
2008,214,7.6,"jodhaa akbar"
2015,137,7.4,"judge singh llb"
2009,128,7.4,"kaminey"
2014,121,5.3,"khoobsurat"
2009,101,5.4,"kisaan"
2008,145,5.2,"kismat konnection"
2009,147,4,"kurbaan"
2016,90,6.1,"lock"
2012,129,6.6,"luv shuv tey chicken khurana"
2017,136,6.6,"manje bistre"
2012,150,4.9,"mugamoodi"
2011,134,6.4,"muran"
2011,100,5.3,"my friend pinto"
2009,111,7.1,"my suicide"
2014,147,6.9,"naan sigappu manithan"
2013,115,3.2,"nasha"
2013,121,6.3,"naughty jatts"
2015,129,6.9,"phantom"
2014,102,5.7,"pizza"
2008,155,6.7,"race"
2013,139,5.3,"race 2"
2017,127,5.3,"sat shri akaal england"
2012,156,6.1,"thaandavam"
2016,130,5.5,"tiger"
2010,137,4.6,"udaan"
2005,132,8.2,"v for vendetta"
2012,156,5.9,"vettai"
2009,132,7.6,"wake up sid"
2010,119,5.6,"we are family"
2008,101,6.5,"zack and miri make a porno"
2015,83,6,"barbie in rock 'n royals"
2012,75,5.7,"barbie: the princess & the popstar"
2012,86,7.5,"frances ha"
2016,47,4.7,"ghost patrol"
2013,119,4.4,"i'm in love with a church girl"
2015,85,6.6,"phantom boy"
2017,81,5.8,"verónica"
2016,140,8,"wrong side raju"
2015,1,7,"be with me"
2016,86,7.1,"bombshell"
2010,100,6.5,"harud"
2016,96,7.3,"much ado about nothing"
2015,96,6.6,"umrika"
2017,106,6.8,"lommbock"
2018,122,6.9,"outlaw king"
2012,100,6.2,"hit & run"
2019,93,5.8,"let it snow"
2019,94,4.4,"paradise beach"
2018,79,4.8,"hope springs eternal"
2015,111,6.1,"the sea of trees"
2015,107,5.3,"yes or no 2.5"
2016,121,6.8,"u turn"
2015,102,2.8,"into the forest"
2016,123,6.3,"the journey is the destination"
2019,78,5.5,"burning cane"
2018,116,5.4,"shadow"
2017,98,4.6,"the lovers"
2019,85,3.4,"undercover brother 2"
2018,129,6.1,"bucket list"
2017,153,5.5,"mubarakan"
2011,92,2.7,"dear santa"
2009,112,7.9,"district 9"
1995,97,6.8,"kicking and screaming"
2019,103,8.6,"oththa seruppu size 7"
2019,1,6.2,"chocolate"
2019,135,4.2,"the zoya factor"
2018,1,7.7,"1983"
2018,93,5.3,"a christmas prince: the royal wedding"
2017,1,6.9,"cloudy with a chance of meatballs"
2018,114,8.5,"manto"
2018,119,5.8,"rajma chawal"
2018,96,5.8,"time share"
2010,107,6.2,"takers"
2011,86,4.7,"hoodwinked too! hood vs. evil"
2018,107,6.1,"crazy people"
2016,107,6.5,"kalushi: the story of solomon mahlangu"
2018,110,7.1,"payday"
2018,93,5.3,"the island"
2019,94,4.8,"holiday rush"
2001,124,6.8,"the score"
2019,1,4.7,"broken"
2008,137,6.3,"defiance"
2019,134,7.3,"evvarikee cheppoddu"
2019,106,6.8,"the body remembers when the world broke open"
2019,209,6.4,"the irishman"
2017,128,5.4,"poster boys"
2019,117,4.4,"pranaam"
2019,92,6.5,"awake"
1980,114,5.3,"popeye"
2017,121,7.3,"shot caller"
2017,94,5.2,"bushwick"
2016,101,5.6,"the girl from the song"
1973,94,6.9,"charlotte's web"
2012,109,7.6,"end of watch"
1987,110,6.7,"hamburger hill"
2002,96,7.6,"the time machine"
2017,93,4.1,"deep"
2019,97,7.2,"brother"
2018,104,7.1,"the christmas chronicles"
2017,1,5.5,"godless"
2015,88,2.8,"ludo"
2016,88,5.4,"mercy"
2002,138,6.7,"k-19: the widowmaker"
2019,93,5.5,"the knight before christmas"
2018,91,6,"the tribe"
2017,113,6.3,"the case for christ"
2016,88,5.6,"be somebody"
1996,81,6.8,"beavis and butt-head do america"
2007,116,6.9,"black snake moan"
2009,85,6,"carriers"
2001,102,6.1,"evolution"
1996,101,6.2,"eye for an eye"
2007,88,6.4,"hot rod"
1995,101,5.6,"it takes two"
2014,103,7.2,"love, rosie"
2019,131,8.5,"mallesham"
2010,105,6.4,"she's out of my league"
1999,82,5.2,"superstar"
2011,107,7.3,"the adventures of tintin"
2012,84,4.2,"the devil inside"
1996,103,6.4,"the first wives club"
2000,112,6.6,"the gift"
2009,89,5.8,"the goods: live hard, sell hard"
1974,121,7.1,"the longest yard"
2008,87,3.8,"the love guru"
1997,136,7,"the rainmaker"
1993,118,7.8,"what's eating gilbert grape"
2006,129,5.9,"world trade center"
2011,94,6.2,"young adult"
2005,88,7.2,"yours, mine and ours"
2007,158,7.7,"zodiac"
2018,91,4,"puppy star christmas"
2018,114,7.7,"sabrina"
2018,91,6,"target"
2010,99,5.6,"don't be afraid of the dark"
2010,86,5.1,"the boy who cried werewolf"
2018,116,6.6,"ana e vitória"
2018,122,6.8,"the other side of the wind"
2016,107,7.4,"divines"
2016,85,5.8,"sour grapes"
2015,91,5.5,"naomi and ely's no kiss list"
2017,1,6.8,"eternal love"
2017,92,5.8,"a christmas prince"
2017,135,7.4,"mudbound"
2014,86,2.6,"santa claws"
2016,1,4,"paranoid"
2011,100,6.8,"drive"
2019,93,5,"iron sky: the coming race"
2015,107,6.9,"suffragette"
2013,101,5.3,"the green inferno"
2018,95,5.9,"cam"
2018,1,4.8,"dogs"
2017,86,7,"follow me"
2018,133,7.3,"the ballad of buster scruggs"
2018,102,6,"the princess switch"
2009,80,7.7,"9"
2019,107,5.9,"earthquake bird"
2019,143,6.3,"guna 369"
2019,105,5.8,"house arrest"
2019,98,8.2,"klaus"
2010,100,6.1,"leap year"
2017,1,6.3,"my sassy girl"
2019,1,6.9,"the club"
2018,122,6.6,"aalorukkam"
2018,111,7.2,"halkaa"
2017,92,7.5,"pimpal"
2018,119,5.9,"savita damodar paranjpe"
2015,81,3.9,"the crew"
2016,142,3.1,"a flying jatt"
2005,131,4.7,"lucky: no time for love"
2015,1,5,"the method"
2012,77,6.4,"mumbai cha raja"
2017,88,4.7,"hickok"
2012,84,5.5,"casa de mi padre"
2018,128,5.8,"buybust"
2018,1,4.1,"warrior"
2015,95,7,"green room"
2009,100,7.6,"a single man"
2019,95,5.6,"submission"
2017,126,6.6,"bon cop bad cop 2"
2016,98,5.9,"true memoirs of an international assassin"
2015,1,4.3,"helix"
2017,54,6.1,"mea culpa"
2017,100,4.6,"the killer"
2006,102,6.6,"16 blocks"
1998,119,8.5,"american history x"
2019,90,5.7,"american son"
2003,105,6.3,"anger management"
1960,108,6.4,"butterfield 8"
1958,108,8,"cat on a hot tin roof"
2017,112,5.9,"christmas in the heartland"
1973,89,5.9,"cleopatra jones"
2007,91,4.6,"code name: the cleaner"
1965,200,8,"doctor zhivago"
2018,90,5,"elliot the littlest reindeer"
1973,103,7.7,"enter the dragon"
2018,110,5.8,"euphoria"
1996,133,6.4,"executive decision"
1998,124,7,"fallen"
1998,118,7.6,"fear and loathing in las vegas"
1956,98,7.6,"forbidden planet"
1958,115,6.2,"gigi"
2001,137,7.2,"gosford park"
2003,98,5.8,"gothika"
1978,110,7.2,"grease"
2018,92,5.1,"holly star"
2017,116,6,"how to be a latin lover"
1997,94,5.4,"how to be a player"
2009,134,7.3,"invictus"
2005,98,4.4,"king's ransom"
2010,100,5.2,"legion"
1976,118,6.8,"logan's run"
1962,153,7.6,"lolita"
1997,109,7.5,"love jones"
2008,99,5.8,"mad money"
1997,96,6.2,"money talks"
2006,91,6.6,"monster house"
1962,185,7.7,"mutiny on the bounty"
2006,92,5.8,"nacho libre"
1960,127,6.6,"ocean's eleven"
2002,98,6.3,"paid in full"
1955,111,7.7,"rebel without a cause"
2008,120,7.3,"revolutionary road"
1968,137,8,"rosemary's baby"
1998,121,7.3,"rounders"
2019,91,5.1,"santa girl"
1996,135,8,"sling blade"
1976,98,6.9,"sparkle"
2007,139,6.2,"spider-man 3"
2008,98,6.9,"step brothers"
1972,91,5.1,"superfly"
2007,122,6.6,"the brave one"
2013,100,6.2,"the christmas candle"
1965,103,7.3,"the cincinnati kid"
1997,129,7.8,"the game"
2005,133,6.7,"the great raid"
2019,141,7.8,"the king"
1991,105,7,"the last boy scout"
1999,136,8.7,"the matrix"
2003,138,7.2,"the matrix reloaded"
2003,129,6.8,"the matrix revolutions"
1993,141,6.6,"the pelican brief"
2002,99,5.4,"the tuxedo"
2008,90,6.6,"vantage point"
2008,98,6.1,"wild child"
2009,88,7.6,"zombieland"
2008,103,8.1,"a wednesday"
2009,117,5,"aagey se right"
2008,95,7.7,"aamir"
2011,91,6.8,"arjun: the warrior prince"
2018,123,7.4,"asees"
2012,144,8.1,"barfi!"
1998,103,6.5,"baseketball"
2009,121,4.7,"chance pe dance"
2006,158,6.8,"chup chup ke"
2007,157,5,"dhan dhana dhan goal"
2009,124,5.6,"dhoondte reh jaoge"
2010,106,7.6,"do dooni chaar"
2018,92,4.4,"edge of fear"
2017,1,6.9,"get shorty"
2013,129,5.8,"ghanchakkar"
2018,1,3.9,"girl from nowhere"
2012,133,7,"grandmaster"
2007,109,4.2,"hattrick"
2012,143,5.1,"heroine"
2013,140,4.4,"himmatwala"
2012,150,3.7,"husbands in goa"
2013,128,6.2,"jatts in golmaal"
2013,120,7.7,"kai po che!"
2012,154,6.9,"kalakalappu"
2015,132,4.9,"katti batti"
2016,91,6.2,"morris from america"
2008,135,7.7,"mumbai meri jaan"
2011,131,7.2,"no one killed jessica"
2008,118,7.7,"oye lucky! lucky oye!"
2010,129,8.2,"paan singh tomar"
2014,131,6.1,"raja natwarlal"
2013,146,5.9,"satyagraha"
2013,123,4.4,"settai"
2014,141,6.2,"sigaram thodu"
2014,119,6.3,"transcendence"
2008,131,6.9,"welcome to sajjanpur"
2014,95,3.8,"yeh hai bakrapur"
2011,104,4.1,"zokkomon"
2014,103,5.9,"6-5=2"
2016,115,2.8,"beiimaan love"
2017,120,4.4,"coffee with d"
2015,132,5.7,"kis kisko pyaar karoon"
2015,135,7.7,"moor"
2014,158,8.5,"punjab 1984"
2017,95,4.9,"savage dog"
2008,1,5.9,"the truth"
2009,1,5.9,"together"
2014,113,2.4,"trip to bhangarh: asia's most haunted place"
2016,94,5.2,"undercover grandpa"
2012,1,7.1,"love me or leave me"
1998,101,7.1,"the interview"
1992,93,6.5,"the last days of chez nous"
1981,86,6.3,"winter of our dreams"
2010,103,6.1,"insidious"
2013,112,4.4,"tattah"
2017,76,4.9,"desolation"
2016,99,6,"kaleidoscope"
2019,86,3.9,"last breath"
2018,99,6.4,"like arrows"
2011,147,7.2,"war horse"
2017,88,4.2,"death house"
2018,92,4.2,"family blood"
2018,87,4.3,"pup star: world tour"
2017,81,5.2,"handsome: a netflix mystery movie"
2018,100,6.1,"anon"
2018,40,5.1,"end game"
2018,94,3.8,"lo más sencillo es complicarlo todo"
2018,116,5.5,"no estoy loca"
2019,102,6.8,"always be my maybe"
2008,127,5.4,"c kkompany"
2019,101,6.5,"chopsticks"
2004,124,5.1,"krishna cottage"
2019,103,6.8,"mere pyare prime minister"
2006,105,5.1,"p"
2011,93,4.9,"ragini mms"
2014,113,3.9,"ragini mms 2"
2011,106,7.2,"shor in the city"
2011,99,6.9,"my week with marilyn"
2019,123,6.2,"svaha: the sixth finger"
2014,91,7.1,"the one i love"
2019,110,6.6,"extremely wicked, shockingly evil and vile"
2019,110,5.6,"the last summer"
2019,1,3.9,"undercover"
2017,153,5.7,"rangoon"
2018,84,5.4,"lifechanger"
2018,99,5.5,"the nutcracker and the four realms"
2016,109,5.7,"the do-over"
2017,143,3.8,"raees"
2017,123,6,"war machine"
2019,1,5.2,"thackeray"
2018,94,5.2,"ibiza"
2016,97,7.4,"detour"
2019,101,5,"joy"
2019,99,5.2,"rim of the world"
2019,91,6.1,"the perfection"
2016,80,6.2,"arès"
2016,111,6.1,"moonlight"
2018,159,6.7,"zero"
2018,87,5,"her only choice"
2012,133,6.6,"john carter"
2013,119,6.5,"olympus has fallen"
2017,1,6.2,"revenge"
2017,92,5.4,"jailbreak"
2016,95,6.1,"two lovers and a bear"
2019,125,5.9,"sgt. will gardner"
2012,94,7.1,"jalpari: the desert mermaid"
2017,92,6.6,"small town crime"
2017,106,6.7,"blame!"
2019,95,4.8,"the brawler"
2018,104,6.1,"cargo"
2018,117,5.6,"catching feelings"
2019,90,7.1,"maria"
2019,87,5.1,"see you yesterday"
2019,90,6.5,"good sam"
2018,96,7,"jonaki"
2001,150,5.3,"kyo kii... main jhuth nahin bolta"
2010,112,7.1,"lsd: love, sex aur dhokha"
2013,142,4.6,"once upon a time in mumbai dobaara!"
2011,97,6.3,"take me home tonight"
2010,129,4.2,"action replayy"
1994,160,8.2,"andaz apna apna"
2016,119,6.4,"christine"
2012,140,7.3,"the place beyond the pines"
2018,100,5.1,"all the devil's men"
2018,125,5,"cake"
2008,128,4.2,"emi: liya hai to chukana padega"
2018,108,7.8,"hamid"
2003,136,4.2,"kucch to hai"
2005,165,6.1,"kyaa kool hai hum"
2016,124,1.9,"kyaa kool hain hum 3"
2010,133,7.4,"once upon a time in mumbaai"
2007,116,7.1,"shootout at lokhandwala"
2017,150,7.1,"aadu 2"
2018,158,5.3,"aiyaary"
2013,90,5.7,"only god forgives"
1992,164,6.6,"chamatkar"
1994,151,7.8,"kabhi haan kabhi naa"
2016,84,6.3,"lovesong"
1995,142,5.4,"ram jaane"
2016,99,4.3,"the intent"
2015,1,4.4,"the hunt"
2019,70,4.8,"malibu rescue"
2019,92,3,"norm of the north: keys to the kingdom"
2016,86,5.7,"wild oats"
2017,92,5.5,"spivak"
2017,88,6.3,"mindhorn"
2017,86,7.5,"sahara"
2018,100,5.8,"dry martina"
2019,111,5.3,"shéhérazade"
2010,1,7.6,"the jungle book"
2018,105,6,"the kissing booth"
2019,104,5.4,"wine country"
2012,151,4.4,"aiyyaa"
2015,128,7.1,"gabbar is back"
2011,86,7.1,"michael"
2016,88,4.9,"the adventure club"
2015,93,4.2,"russell madness"
2017,99,6.5,"familiye"
2018,104,6.3,"munafik 2"
2018,92,4.2,"robin hood: the rebellion"
2013,126,7.1,"snowpiercer"
2007,87,6.8,"teenage mutant ninja turtles"
1982,93,7.2,"the dark crystal"
2018,80,4.2,"two graves"
2016,131,6.1,"abhinetri"
2017,105,6.9,"ajji"
2017,130,6.5,"cia: comrade in america"
2018,98,5.8,"darc"
2017,90,5,"despido procedente"
2017,105,6.3,"god's own country"
2017,106,6.6,"gurgaon"
2009,1,6.5,"iris"
2017,163,8.4,"love ni bhavai"
2017,124,6.6,"nibunan"
2016,1,6.4,"simon"
2017,90,5.1,"the clapper"
2017,96,6.8,"toc toc"
2015,94,6,"waiting"
2017,74,6.4,"withdrawn"
2016,96,5.3,"a kind of murder"
2016,111,5.5,"a yellow bird"
2015,127,5.8,"abby sen"
2012,117,4.1,"bittoo boss"
2013,123,6.7,"bombay talkies"
2013,139,4.3,"boss"
2016,95,7.7,"budhia singh: born to run"
1996,148,5.6,"chaahat"
2013,121,8,"chashme buddoor"
2015,127,6.3,"dharam sankat mein"
2016,92,6.7,"don't think twice"
2015,162,8.3,"drishyam"
1996,163,4.7,"english babu desi mem"
2013,125,6.9,"inkaar"
2015,89,5.8,"loev"
2014,120,6.8,"mary kom"
2016,109,5.6,"moh maya money"
2014,107,5.8,"mumbai delhi mumbai"
2014,135,4.2,"one by two"
2011,149,7.7,"pyaar ka punchnama"
2015,136,7.3,"pyaar ka punchnama 2"
2014,138,8.2,"queen"
1996,177,6.2,"raja hindustani"
2011,126,7.2,"shaitan"
2011,114,6.8,"tanu weds manu"
2013,96,5.1,"what the fish"
2013,147,3.4,"yamla pagla deewana 2"
2015,98,6.5,"terra"
2011,87,5.2,"apollo 18"
2018,1,7.5,"collateral"
2017,94,7.1,"meditation park"
2014,92,5.3,"match"
2016,83,7.1,"the young offenders"
2015,123,8.2,"thithi"
2015,96,6.7,"zinzana"
2013,98,7.3,"blue jasmine"
2018,1,6.5,"champions"
2018,1,3.3,"disappearance"
2018,1,6,"immortals"
2019,90,5.9,"juanita"
2009,123,6.8,"the imaginarium of doctor parnassus"
2007,106,6.8,"the jane austen book club"
2019,100,6.4,"walk. ride. rodeo."
1998,90,6.1,"the waterboy"
2008,104,7.5,"doubt"
2012,105,5.3,"sisterakas"
2014,128,7.1,"starting over again"
2015,91,7.5,"that thing called tadhana"
2015,127,6.2,"the love affair"
2019,1,4.7,"the order"
2012,89,4.3,"aftershock"
2017,94,5.4,"bullet head"
1974,86,6.2,"benji"
1977,84,6,"for the love of benji"
2017,95,7,"gook"
2008,100,6,"bedtime stories"
2008,131,6.4,"caregiver"
2018,104,7.3,"christopher robin"
2019,94,7.1,"the hard way"
2015,124,7,"everyday i love you"
2010,106,3.4,"i am"
2015,108,6.8,"kid kulafu"
2011,103,5.9,"no other woman"
2006,108,6.2,"employee of the month"
2019,88,4.9,"mercy black"
2018,81,6.4,"the burial of kojo"
2017,87,5.2,"revolt"
2017,84,5.3,"bottom of the world"
2016,90,6.3,"firstborn"
2017,1,7.1,"five came back"
1946,58,4.7,"let there be light"
2017,102,6.3,"the discovery"
2012,1,3.5,"the fear"
1947,42,6.6,"thunderbolt"
2017,1,6.6,"pablo"
2018,103,6.3,"first match"
2018,78,5.9,"happy anniversary"
2018,1,7.2,"rapture"
2018,97,4.8,"the titan"
2009,102,7.4,"trailer park boys: countdown to liquor day"
2006,95,7.2,"trailer park boys: the movie"
2014,92,6,"backcountry"
2016,118,4,"colkatay columbus"
2016,91,4.2,"officer downe"
2012,79,3.1,"exit strategy"
2016,98,6.5,"the bleeder"
2019,132,6.9,"the highwaymen"
2018,1,7.4,"the terminal"
2019,1,6.4,"traitors"
2016,109,5.3,"wolves"
2017,75,5.4,"danur: i can see ghosts"
2017,106,6.1,"ég man þig"
2012,110,6.9,"blood money"
2016,115,6.6,"birdshot"
2017,93,6.1,"the most hated woman in america"
2011,89,4.9,"i don't know how she does it"
2017,100,6,"oversize cops"
2018,102,5.4,"game over, man!"
2016,99,6.7,"layla m."
2018,74,4.5,"paradox"
2018,1,7,"requiem"
2018,100,6.2,"roxanne roxanne"
2017,150,7.9,"secret superstar"
2014,108,5.4,"welcome to new york"
2018,129,7.3,"mirage"
2019,108,7,"the dirt"
2014,105,4.1,"the amazing praybeyt benjamin"
2016,115,4.3,"the super parental guardians"
2016,118,6.1,"the third party"
2016,130,6,"the unmarried wife"
2016,72,5.2,"another forever"
2008,116,4.1,"contract"
2016,83,6.4,"dear dad"
2018,118,7,"river's edge"
2018,162,7.6,"sarkar"
2013,126,7.5,"saving mr. banks"
2016,109,6.3,"wakefield"
2015,111,6.2,"zubaan"
2017,104,7,"ravenous"
2014,92,6.7,"the salvation"
2018,87,5.2,"social animals"
2018,97,5.2,"tinker'"
2017,103,6.2,"in search of fellini"
2016,83,3.8,"monkey up"
2018,101,6,"all about nina"
2015,97,6.4,"he never died"
2014,92,6.2,"5 flights up"
2017,92,6.1,"deidra & laney rob a train"
2014,97,7.1,"5 to 7"
2009,101,7.7,"coraline"
1992,143,7.4,"howards end"
2016,97,5.4,"the hollow point"
2014,107,6,"the riot club"
2005,82,5.7,"chicken little"
2018,108,4.5,"bombairiya"
2017,104,6.2,"burn out"
2018,98,5,"chief daddy"
2009,88,5.1,"g-force"
2018,106,5.9,"girl"
2017,90,4.4,"the student"
2009,120,7.6,"ek cup chya"
2010,145,7.2,"lalbaug parel: zali mumbai sonyachi"
2016,92,7.6,"mango dreams"
1998,81,7.1,"pizza, birra, faso"
2017,1,7.6,"tabula rasa"
2001,168,6.5,"asoka"
2006,117,6.8,"bon cop, bad cop"
2001,160,5.4,"one 2 ka 4"
2014,88,8.3,"ottaal"
2014,85,7.2,"sunrise"
2017,90,4.7,"12 round gun"
2007,117,6.4,"a love story"
2016,132,6.8,"barcelona: a love untold"
2016,127,7.1,"everything about her"
2017,125,5.7,"finally found someone"
2017,128,7.8,"seven sundays"
2015,104,7,"angry indian goddesses"
2019,126,6.4,"triple frontier"
2017,90,2.6,"troy: the odyssey"
2017,83,5.5,"bad match"
2017,97,5.1,"bitch"
2017,85,4.7,"nails"
2017,69,5.7,"septiembre, un llanto en silencio"
2015,103,7.5,"bana masal anlatma"
2012,99,5.1,"berlin kaplani"
2017,102,6,"burning sands"
2015,97,5.3,"çarsi pazar"
2010,99,4.4,"çok filim hareketler bunlar"
2016,101,5.6,"dedemin fisi"
2014,102,4.5,"deliha"
2015,107,6.4,"dügün dernek 2: sünnet"
2015,98,5.9,"hayat öpücügü"
2006,118,7.4,"hokkabaz"
2013,100,6.5,"hükümet kadin"
2013,101,6.1,"hükümet kadin 2"
2015,101,6.9,"kara bela"
2015,104,6.2,"kocan kadar konus"
2012,100,6.2,"kurtulus son durak"
2015,136,7.7,"mucize"
2015,102,4.5,"niyazi gül dörtnala"
2016,1,5,"one more time"
2014,105,6.1,"patron mutlu son istiyor"
2016,24,5.4,"refugee"
2010,110,5.3,"romantik komedi"
2014,105,7.3,"sadece sen"
2012,102,5.1,"sen kimsin?"
2001,106,8,"vizontele"
2004,106,6.5,"vizontele tuuba"
2018,97,5.7,"an interview with god"
2018,103,6,"budapest"
2015,88,5.9,"christmas in the smokies"
2018,90,6.2,"dead in a week (or your money back)"
2018,99,3.9,"haunting on fraternity row"
2005,107,6.9,"junebug"
2004,105,7.3,"layer cake"
2018,93,3.7,"paranormal investigation"
2017,89,5.4,"room for rent"
2019,114,7.6,"the boy who harnessed the wind"
2016,92,5.4,"the christmas project"
2008,97,6.5,"the spiderwick chronicles"
2001,98,6.6,"wet hot american summer"
2010,100,7.2,"winter's bone"
2016,101,3.8,"2307: winter's dream"
2004,153,6.6,"aitraaz"
2017,149,6.3,"balu mahi"
2018,94,5.2,"battle drone"
2003,79,2.3,"boom"
2002,137,8,"company"
2017,53,6.3,"deathgrip"
2003,162,5.6,"dum"
2013,93,4.3,"grand masti"
2007,155,5.6,"guru"
2000,158,5.6,"hamara dil aapke paas hai"
1999,151,6.2,"haseena maan jaayegi"
2010,96,4.2,"hide & seek"
2017,106,3.1,"inconceivable"
2005,141,4.6,"insan"
2006,127,8.1,"iqbal"
2015,130,4.9,"ishqedarriyaan"
2013,140,4.5,"issaq"
2017,145,3.8,"judwaa 2"
2017,41,6.9,"kalki"
2003,157,7.9,"khushi"
2016,143,8,"laal rang"
2016,106,5.4,"love beats rhymes"
2005,161,6.6,"no entry"
1997,187,7,"pardes"
2002,127,6.4,"pitaah"
2000,165,6,"pukar"
2015,117,7.6,"rahasya"
2004,134,6.3,"run"
2012,109,6,"shanghai"
2002,148,4.6,"shararat"
2017,127,6.9,"shubh aarambh"
2017,115,7.9,"shuddhi"
2017,150,4,"solo"
2014,127,4.7,"super nani"
2014,75,4.6,"swearnet live"
1999,177,6.7,"taal"
2010,137,4.1,"teen patti"
2017,118,6.8,"the pirates of somalia"
2014,123,5,"the shaukeens"
2017,90,7.3,"the silence"
1995,173,4.8,"trimurti"
2017,108,5.2,"true to the game"
2016,125,7.7,"tu hai mera sunday"
2004,160,7.4,"yuva"
2016,1,5.4,"forces of nature"
2015,115,4.4,"my honor was loyalty"
2016,94,6.9,"nila"
2016,118,7.3,"revelations"
2013,125,8,"ugly"
2016,90,5.8,"blue mountain state: the rise of thadland"
2016,93,3.4,"hot bot"
2015,100,5.9,"retribution"
2017,87,6.2,"shimmer lake"
2019,90,4.5,"beneath the leaves"
2019,120,4.6,"berlin, i love you"
2002,107,7.4,"equilibrium"
2018,100,6.3,"alex strangelove"
2018,110,6.9,"ali's wedding"
2018,1,5.5,"the hollow"
2018,74,6.2,"belmonte"
2019,114,6.7,"i am mother"
2019,125,6.3,"luka chuppi"
2019,71,6.7,"pachamama"
2019,110,6.5,"rock my heart"
2018,127,7.6,"stree"
2019,118,4.6,"the black godfather"
2013,99,6.4,"b.a. pass"
2013,94,5.2,"a perfect man"
2019,90,6.5,"alles ist gut"
2016,98,5.7,"cabin fever"
2014,99,4.3,"christian mingle"
2019,90,4.4,"dolphin kick"
2013,93,5.7,"would you rather"
2017,131,7.9,"thor: ragnarok"
2014,107,7,"suite française"
2017,117,6.1,"the wishing tree"
2009,94,6.2,"the men who stare at goats"
2013,113,7.1,"night moves"
2019,141,6.5,"romeo akbar walter"
2017,92,5.2,"mohawk"
2017,90,4.8,"the maus"
2017,1,7.1,"gypsy"
2016,89,5.4,"acapulco la vida va"
2016,119,6.2,"headshot"
2016,88,5.9,"three"
2019,176,8.4,"super deluxe"
2018,101,6.8,"calibre"
2018,98,5.8,"tau"
2017,1,3.8,"the forest"
2016,119,7.3,"20th century women"
2019,1,6,"exhibit a"
2019,1,5.8,"family business"
2019,88,3.4,"staged killer"
2019,1,5.3,"the chosen one"
2018,88,5.7,"birthmarked"
2017,121,7.3,"okja"
2012,122,8.1,"kahaani"
2018,117,8.4,"spider-man: into the spider-verse"
2018,95,5.6,"the golem"
2019,109,7.2,"unbroken"
2017,1,7.1,"hotel transylvania"
2015,102,5.6,"i am michael"
2016,108,6.9,"neruda"
2018,73,2.8,"recall"
2018,107,8,"tottaa pataaka item maal"
2017,139,7.1,"kaabil"
2016,97,7.3,"the fundamentals of caring"
2014,79,3.8,"hungerford"
1999,89,7.3,"tarzan"
2016,75,4.1,"the darkest dawn"
2016,1,4.5,"yoko"
2017,89,4.6,"you get me"
2015,92,6.2,"advantageous"
2019,96,5.5,"triple threat"
2016,89,6.6,"brain on fire"
2018,119,5.2,"us and them"
2017,92,5,"bokeh"
2017,81,4.5,"xx"
2012,99,6.3,"good luck"
2016,161,8.4,"dangal"
2019,116,4.7,"rakkhosh"
2012,110,7.5,"the player"
2015,92,5.2,"amar akbar & tony"
2016,110,4.6,"the duel"
2010,118,8,"the king's speech"
2016,1,5.5,"crashing"
2015,1,6.9,"the homecoming"
2019,110,7.1,"beats"
2018,110,6.1,"running for grace"
2018,99,5.8,"vs."
2014,100,7.7,"the incident"
2018,126,5.2,"big kill"
2015,122,6.9,"the stanford prison experiment"
2015,88,6.3,"cop car"
2017,91,4.9,"counterpunch"
2018,90,6.7,"pihu"
2018,121,6.5,"lust stories"
2018,106,6.8,"maktub"
2018,106,6.5,"set it up"
2017,119,4.6,"the last hour"
2019,1,7.6,"leila"
2019,98,6,"murder mystery"
2019,1,5.8,"yankee"
2014,97,5.3,"convict"
2019,1,4.2,"jinn"
2017,126,6.3,"the cell"
2016,85,4.8,"havenhurst"
2017,1,6.5,"man to man"
2011,100,7.6,"50/50"
2018,98,4.8,"bullitt county"
1976,98,7.3,"carrie"
2017,128,6.8,"iii smoking barrels"
2015,105,6.1,"love is a story"
2019,109,4.9,"oh, ramona!"
2008,101,6,"righteous kill"
1998,110,6.2,"small soldiers"
2009,116,4.9,"the box"
2004,141,7.6,"the phantom of the opera"
2016,120,6.4,"the space between us"
2019,97,7,"then came you"
2019,109,5.1,"we are legends"
2003,105,5.8,"what a girl wants"
2017,126,2.1,"b.a. pass 2"
2004,136,7.5,"miracle"
2004,131,6.9,"national treasure"
2018,110,6.7,"outside in"
2017,92,3.8,"singularity"
2016,96,5.8,"catfight"
2000,105,6.2,"how the grinch stole christmas"
2015,109,6.8,"lens"
2016,89,5.9,"little boxes"
2017,92,2.4,"love.com"
2015,1,7.8,"mind game"
1995,154,4.2,"oh darling yeh hai india"
1969,152,4.2,"prince"
1998,161,5.2,"qila"
2001,106,7.6,"y tu mamá también"
2018,131,6.7,"mary poppins returns"
2015,100,4.5,"the invitation"
2011,105,6.4,"the iron lady"
2017,105,6.3,"1 mile to you"
2017,84,6.1,"take me"
2017,119,6.4,"sicilian ghost story"
2018,83,5.5,"the legacy of a whitetail deer hunter"
2018,88,6.7,"white fang"
2016,109,6.8,"motu patlu: king of kings"
2017,96,5.9,"speech & debate"
2016,96,5.6,"brahman naman"
2019,1,3.5,"in the dark"
2010,112,7.4,"blue valentine"
2019,99,5.9,"american hangman"
2017,103,4.3,"loco love"
2006,91,5.5,"all the boys love mandy lane"
2013,99,7.2,"the croods"
2013,126,8,"her"
2016,112,6.7,"tallulah"
2012,86,5.3,"kath & kimderella"
2010,105,6.7,"the company men"
2017,100,5,"the mansion"
2017,84,6.5,"the incredible jessica james"
2018,95,3.1,"extinction"
2018,101,6.8,"the bleeding edge"
2018,94,3.3,"1st summoning"
2018,111,4.9,"boi"
2019,100,4.7,"eerie"
2019,77,3.8,"girls with balls"
2016,107,6.8,"the exception"
2015,128,6.7,"amy"
2015,99,5.4,"barely lethal"
2015,113,5.7,"dark places"
2015,108,7.7,"ex machina"
2013,105,6.1,"man of tai chi"
2015,109,6.4,"mississippi grind"
2015,93,5.6,"mojave"
2015,95,7.5,"remember"
2015,84,6.9,"slow west"
2015,106,7.3,"the end of the tour"
2019,1,6.3,"another life"
2010,122,5.5,"bang rajan 2"
2018,124,7.6,"parmanu: the story of pokhran"
2018,93,2.7,"the warning"
2014,102,4.9,"tusk"
2015,110,5,"victor"
2018,103,6.6,"the competition"
2009,153,8.3,"inglourious basterds"
2014,125,7,"a most violent year"
2008,99,6.8,"bolt"
2005,149,4.3,"bewafaa"
2014,89,5.6,"life after beth"
2014,95,5.3,"revenge of the green dragons"
2016,110,5.5,"city of tiny lights"
2016,87,3.6,"internet famous"
2018,92,5.7,"duck duck goose"
2018,95,5.2,"father of the year"
2018,133,5.8,"nothing to lose"
2014,112,5.9,"the captive"
2018,88,6.3,"king of peking"
2014,83,2.5,"black rose"
2019,81,3.8,"¡ay, mi madre!"
2018,85,5.5,"el club de los buenos infieles"
2014,84,6.8,"obvious child"
2015,118,4.4,"room"
2014,109,6.4,"son of a gun"
2014,103,6.4,"the rover"
1946,94,7.4,"the stranger"
2019,98,4.3,"secret obsession"
2013,97,8,"short term 12"
2018,136,6,"mauli"
2017,116,7.1,"uncertain glory"
2006,107,5.8,"the break-up"
2009,98,7.1,"the princess and the frog"
2018,83,4.7,"we belong together"
2018,77,5.9,"love shot"
2012,86,4.8,"a glimpse inside the mind of charles swan iii"
2013,91,6.9,"enemy"
1985,95,8.1,"esperando la carroza"
2012,90,6.3,"ginger & rosa"
2018,88,4.7,"going for gold"
2013,85,7.1,"locke"
2012,94,5.3,"spring breakers"
2008,95,7.1,"tahaan"
2017,108,6.3,"temporada de caza"
2015,87,5.2,"the adderall diaries"
2013,95,7.1,"the spectacular now"
2013,108,6.5,"under the skin"
2017,104,7,"amar"
2013,143,5.7,"singh saab the great"
2016,106,5.1,"holidays"
2016,101,4.9,"rebirth"
2013,155,7.2,"the physician"
1954,120,7.6,"white christmas"
2015,110,7.1,"colonia"
2017,108,6.8,"to the bone"
2015,114,5.8,"gridlocked"
2014,78,4.8,"creep"
2018,133,6.7,"plaire, aimer et courir vite"
2018,113,5,"how it ends"
2018,75,2.2,"romina"
2014,97,6,"the signal"
2019,1,6.3,"blown away"
2018,106,6.2,"cities of last things"
2019,90,4.8,"kidnapping stella"
2015,1,5.8,"money for nothing"
2019,87,7.3,"point blank"
2008,95,6.1,"smart people"
2019,1,5.4,"family reunion"
2016,103,4.5,"sex doll"
1974,112,7.3,"alice doesn't live here anymore"
2008,97,7.1,"frozen river"
2008,106,6.1,"inkheart"
2011,106,7.1,"kill the irishman"
2006,110,5.5,"lady in the water"
1989,102,6.1,"little monsters"
2016,105,6.3,"mean dreams"
1973,112,7.3,"mean streets"
2007,96,6.2,"next"
2008,97,6,"nights in rodanthe"
2009,91,5.2,"paul blart: mall cop"
1993,126,7.7,"philadelphia"
2009,99,5.7,"race to witch mountain"
1988,134,8,"rain man"
2000,117,5.6,"scream 3"
2009,89,4.7,"shorts"
2019,94,4.3,"soul to keep"
2004,101,6.1,"starsky & hutch"
2018,94,3.5,"swiped"
2001,99,6.5,"swordfish"
1976,114,7.1,"taxi driver"
2010,118,6.9,"the book of eli"
2005,119,5.9,"the brothers grimm"
2008,104,6.6,"the forbidden kingdom"
2003,98,5.8,"the in-laws"
2006,93,7.1,"the pink panther"
2017,128,8,"angamaly diaries"
2006,122,5.3,"anthony kaun hai?"
2003,166,6.6,"chalte chalte"
2013,107,2.4,"deewana main deewana"
2018,94,5.3,"duck butter"
2018,130,6.1,"gemini"
2010,87,8,"i am kalam"
2006,77,6.3,"loving annabelle"
2003,84,6.8,"melvin goes to dinner"
2018,92,5.5,"my birthday song"
2007,130,7.1,"namastey london"
2009,114,4.2,"paying guests"
2017,133,5,"sarvopari palakkaran"
2018,88,5.1,"the feels"
2008,114,7,"traitor"
2010,128,5.7,"tum milo toh sahi"
2018,94,6.8,"zoo"
2014,89,4.8,"1 chance 2 dance"
2012,97,5.9,"10 jours en or"
2016,106,5.2,"albion: the enchanted stallion"
1966,116,6.7,"amrapali"
2010,1,6.2,"breakout"
2016,97,5.6,"here alone"
2015,170,7.1,"ho mann jahaan"
1971,153,6.4,"lal patthar"
2013,104,6.9,"liar's dice"
2012,162,4.3,"players"
1962,163,7.1,"professor"
2011,1,5.4,"the oath"
2013,130,7.9,"waar"
2015,133,6.7,"wrong no."
1994,148,3.8,"yaar gaddar"
2015,81,7,"king jack"
2015,96,6,"road to yesterday"
2015,105,5.3,"x: past is present"
2020,97,3.5,"bulletproof 2"
2018,117,4.5,"next enti?"
2018,135,6.9,"solo: a star wars story"
2016,91,6.2,"the monster"
2017,135,4.3,"the house next door"
2013,112,7.5,"the conjuring"
2017,92,6.9,"a ghost story"
2010,103,6,"the tourist"
2018,95,7.4,"komola rocket"
2016,84,6.9,"under the shadow"
2017,98,4.8,"coin heist"
2016,141,7.1,"rustom"
2017,99,3,"mara"
1999,101,6.5,"nang nak"
2016,97,6.2,"before i wake"
2014,117,7.2,"kraftidioten"
2016,100,4.8,"rampage: president down"
2020,1,7.5,"dracula"
2018,95,5.2,"lionheart"
2018,110,6.3,"hantu kak limah"
2018,1,5.6,"paprika"
2014,123,7.3,"the hundred-foot journey"
2015,87,4.4,"semana santa"
2016,97,7,"swiss army man"
2008,95,5.4,"the longshots"
2010,127,5.6,"virsa"
2002,156,6.6,"deewangee"
1986,103,7.8,"ferris bueller's day off"
2018,120,5,"occupation"
2018,118,7.1,"ant-man and the wasp"
2017,74,6.9,"bhasmasur"
2018,137,6.4,"high society"
2012,125,7.6,"habibie & ainun"
2018,114,7.1,"nathicharami"
2015,121,7.8,"surga yang tak dirindukan"
2017,119,7.1,"surga yang tak dirindukan 2"
2017,91,6,"iboy"
2018,102,6.8,"a futile and stupid gesture"
2018,105,7.1,"mi obra maestra"
2019,119,6,"polar"
2017,1,4.9,"the perfect match"
2017,87,5.7,"acts of vengeance"
2016,102,6.5,"o silêncio do céu"
2018,97,6.3,"hotel transylvania 3: summer vacation"
2017,85,5.5,"blockbuster"
2017,97,5.3,"the good catholic"
2017,1,5.7,"innocent"
2009,91,6,"planet 51"
2014,104,6.1,"iceman"
2016,77,6,"my entire high school sinking into the sea"
2017,86,5.1,"where's the money"
2018,1,4.5,"justice"
2016,130,3.9,"pink"
2017,80,4.7,"take the 10"
2017,129,4.4,"half girlfriend"
2013,1,5.2,"déjà vu"
1975,92,8.2,"monty python and the holy grail"
2017,86,6.2,"mustang island"
2018,108,5.4,"step sisters"
2018,95,3.2,"the open house"
2016,90,6.1,"good kids"
2013,91,5.6,"the bling ring"
2019,95,5.7,"close"
2019,96,4.7,"io"
2018,83,5.7,"lady-like"
2019,90,5.5,"patria"
2018,97,7.2,"soni"
2017,99,6.5,"bad day for the cut"
2020,121,5.8,"a fall from grace"
2017,1,5.4,"godzilla"
2013,105,6.7,"the square"
2019,78,2.8,"deadcon"
2010,109,6.4,"get him to the greek"
2011,95,6.9,"hop"
2019,86,7.5,"jezebel"
2015,132,6.5,"legend"
2015,122,7.2,"steve jobs"
2010,94,4.4,"skyline"
2009,106,7,"a serious man"
2013,117,8,"dallas buyers club"
2008,119,7,"flash of genius"
2016,90,5.3,"the rezort"
2002,88,5.4,"big fat liar"
2018,95,6.8,"bulbul can sing"
2017,99,3.7,"mindgamers"
2019,95,5.3,"saving zoë"
2019,103,6.3,"the brave"
2000,89,6.2,"where the money is"
2017,118,5.8,"chupan chupai"
2019,86,4.5,"deadly switch"
2016,1,7.1,"la viuda negra"
2002,1,5.4,"lavender"
2018,88,4.7,"only mine"
2017,125,6.4,"pandigai"
2018,116,6.6,"pari"
2018,102,5.7,"revenger"
2016,106,2.4,"the doll"
2017,117,5.4,"the doll 2"
2016,94,6.6,"a boy called po"
1980,147,6.2,"alibaba aur 40 chor"
2017,89,3.3,"face 2 face"
2017,87,5.5,"rip tide"
2017,122,5.5,"thong dee fun khao"
2017,97,5,"unrest"
2017,121,7,"urvi"
2008,105,7.3,"berlin calling"
2013,84,6.2,"max rose"
2014,91,6.5,"stereo"
2016,89,5.8,"teenage cocktail"
2012,137,7.2,"the master"
2014,117,6.9,"camp x-ray"
2016,100,5.2,"estar o no estar"
2016,91,5.5,"little sister"
2016,87,5.3,"the river thief"
2016,131,4.9,"the last face"
2014,93,6.3,"13 sins"
2018,136,6.6,"baazaar"
2010,116,6,"the fighter"
2016,146,7.5,"aquarius"
2017,104,5.1,"clinical"
2019,128,5.8,"made in china"
2007,121,7.1,"becoming jane"
2018,89,5.2,"he's out there"
2017,124,6.2,"milada"
2018,94,5.9,"the polka king"
2016,85,5.7,"little men"
2006,88,4.4,"zoom"
2017,104,5.3,"all of you"
2019,99,5.6,"the last laugh"
2017,76,6.4,"dayveon"
2014,119,4.3,"monsters: dark continent"
1981,85,7.5,"the evil dead"
2008,123,6.8,"21"
2004,95,5.9,"a cinderella story"
1999,122,8.3,"american beauty"
2011,98,7.1,"arthur christmas"
1997,139,7.7,"as good as it gets"
2014,105,4.8,"breaking the bank"
2002,142,6.1,"catch me if you can"
2000,116,6.7,"center stage"
2005,115,6.6,"charlie and the chocolate factory"
1997,113,7.2,"chasing amy"
1968,146,6.9,"chitty chitty bang bang"
2009,96,6.3,"chloe"
2002,130,7.1,"city of god"
2006,108,6.4,"click"
2008,85,7,"cloverfield"
2005,137,7.3,"coach carter"
2010,115,5.9,"dinner for schmucks"
1997,127,7.7,"donnie brasco"
1996,103,6.5,"dragonheart"
1997,96,6.7,"event horizon"
2019,80,3.9,"fall girls"
2000,98,6.7,"final destination"
2003,90,6.2,"final destination 2"
2006,93,5.8,"final destination 3"
1993,112,6,"free willy"
2009,97,6.5,"friday the 13th"
2007,110,5.2,"ghost rider"
2020,145,4.3,"ghost stories"
2007,116,6.9,"hairspray"
2004,88,7.1,"harold & kumar go to white castle"
2005,118,6.6,"hitch"
2010,97,5.2,"hunt to kill"
2010,148,8.8,"inception"
2001,83,6,"jimmy neutron: boy genius"
2009,123,7,"julie & julia"
2001,118,6.4,"kate & leopold"
2003,111,8.1,"kill bill: vol. 1"
2004,137,8,"kill bill: vol. 2"
1996,114,6.9,"kingpin"
1997,116,6.6,"kiss the girls"
1987,109,6.9,"la bamba"
2010,97,6.9,"legend of the guardians: the owls of ga'hoole"
1999,189,8,"magnolia"
1983,155,7.6,"mandi"
1999,112,7.1,"mansfield park"
2005,101,5.6,"monster-in-law"
2009,97,7.9,"moon"
1991,102,6.9,"my girl"
2004,91,5,"new york minute"
2007,86,6.3,"paranormal activity"
1992,117,6.9,"patriot games"
2017,102,7.3,"posesif"
2010,97,5.8,"resident evil: afterlife"
2015,88,5.9,"riot"
2017,1,3.8,"save me"
2000,88,4.8,"scary movie"
2016,83,2.6,"siren"
1993,107,5.1,"sliver"
2000,89,5.1,"snow day"
1992,95,7.2,"strictly ballroom"
1999,85,5.9,"stuart little"
2002,78,5.5,"stuart little 2"
2007,116,6,"sweeney todd: the demon barber of fleet street"
1991,88,6.1,"teenage mutant ninja turtles ii: the secret of the ooze"
2003,109,6.3,"terminator 3: rise of the machines"
2009,115,6.5,"terminator salvation"
2005,89,6.3,"the amityville horror"
2020,1,6.3,"the circle"
1996,101,6.4,"the craft"
1992,112,7.2,"the crying game"
2005,104,5.1,"the dukes of hazzard"
2009,82,5.2,"the final destination"
2009,99,6.4,"the invention of lying"
2003,201,8.9,"the lord of the rings: the return of the king"
2002,179,8.7,"the lord of the rings: the two towers"
1998,138,6.7,"the mask of zorro"
1988,85,7.6,"the naked gun: from the files of police squad!"
1984,138,7.5,"the natural"
1997,124,5.9,"the peacemaker"
2002,116,6.2,"the ring"
1999,139,7.4,"the talented mr. ripley"
1990,96,7.1,"tremors"
1969,128,7.4,"true grit"
2009,110,5.9,"up in the air"
2000,130,6.6,"what lies beneath"
1999,106,4.9,"wild wild west"
1971,100,7.8,"willy wonka & the chocolate factory"
1994,191,6.7,"wyatt earp"
2008,104,6.8,"yes man"
2012,110,5.7,"a perfect ending"
2007,133,7.3,"across the universe"
2006,143,3.7,"babel"
2001,144,7.7,"black hawk down"
2015,121,6.8,"chappie"
2004,99,5.4,"christmas with the kranks"
2003,93,5.6,"daddy day care"
2018,100,5.2,"gone are the days"
2016,102,7.6,"hell or high water"
2008,123,6.1,"indiana jones and the kingdom of the crystal skull"
1989,127,8.2,"indiana jones and the last crusade"
1984,119,7.6,"indiana jones and the temple of doom"
2001,105,6.8,"jay and silent bob strike back"
2014,134,6.8,"jersey boys"
2017,93,5.4,"krystal"
2010,93,7.1,"last night"
1998,108,8.2,"lock, stock and two smoking barrels"
2018,115,8.5,"merku thodarchi malai"
2003,119,6.5,"mona lisa smile"
2012,61,6.8,"moshe kasher: live in oakland"
2007,109,5.7,"perfect stranger"
1994,154,8.9,"pulp fiction"
2017,148,7.5,"taramani"
2003,121,6.6,"tears of the sun"
1994,102,7.6,"the crow"
2016,87,4.9,"the pass"
2014,114,6.2,"trash"
2002,124,5.9,"xxx"
2005,101,4.4,"xxx: state of the union"
2012,105,7.3,"chittagong"
2014,102,8.3,"fandry"
2017,91,5.1,"happy hunting"
2017,87,5.4,"heartthrob"
2017,135,6.9,"jora 10 numbaria"
2005,133,7.1,"kay dyache bola"
2017,107,7,"maacher jhol"
1989,192,7.3,"maine pyar kiya"
2013,46,6.9,"monster high: friday night frights"
2017,50,2.5,"not alone"
2016,108,4.6,"planetarium"
2017,104,6.6,"super dark times"
2017,1,5.1,"the frozen dead"
2016,102,6.5,"the rehearsal"
1996,94,5.7,"the trigger effect"
2017,92,1.9,"the vault"
2013,125,7.1,"time please"
2006,151,6.6,"yanda kartavya aahe"
2016,97,5.9,"autohead"
2007,92,6.1,"bee movie"
2016,85,5.9,"hurricane bianca"
2012,1,6.1,"in between"
2015,83,7.3,"radiopetti"
2016,118,6.5,"saheb bibi golaam"
2010,52,6.7,"the rat race"
2016,146,7.8,"udta punjab"
2012,1,7,"what is love?"
2018,111,5.5,"god bless the broken road"
2018,95,3.7,"the ritual"
2018,97,6.4,"when we first met"
2016,93,5.1,"don't knock twice"
2017,94,6.2,"6 days"
2014,79,5.9,"happy times"
2018,90,5,"lez bomb"
2018,132,6.4,"di renjie zhi sidatianwang"
2016,101,6.4,"the confirmation"
2017,84,4.1,"welcome to willits"
2017,91,4.1,"woody woodpecker"
2015,94,5.8,"lila & eve"
2018,1,6.2,"live"
2018,1,7.2,"safe"
2017,97,6.7,"princess cyd"
2018,102,5.5,"the cloverfield paradox"
2017,93,5.8,"thumper"
2016,93,4.4,"the charnel house"
2015,72,5.1,"french dirty"
2014,86,6.7,"imperial dreams"
2016,106,6.9,"mine"
2018,125,7,"quién te cantará"
2016,77,6.3,"the rebound"
2017,87,5.1,"big bear"
2016,108,5.6,"people you may know"
2015,130,4.7,"a second chance"
2015,119,4.8,"beauty and the bestie"
2014,110,6.4,"bride for rent"
2017,120,7.2,"can't help falling in love"
2018,102,7.1,"evening shadows"
2013,125,7.3,"four sisters and a wedding"
2013,103,5.3,"girl, boy, bakla, tomboy"
2013,127,6.7,"it takes a man and a woman"
2014,113,7.2,"she's dating the gangster"
2015,118,6.5,"the breakup playlist"
2012,132,6.3,"the mistress"
2009,116,6.5,"you changed my life"
2015,117,6.3,"you're my boss"
2016,123,6.2,"force 2"
2011,90,6.4,"our idiot brother"
2017,96,4.4,"the heyday of the insensitive bastards"
2017,85,6,"winnie"
2015,97,6.3,"jonas"
2016,101,6.1,"crouching tiger, hidden dragon: sword of destiny"
2013,90,7.1,"blue ruin"
2014,107,6.4,"dolphin tale 2"
2017,105,8,"veronica"
2015,99,6.4,"operações especiais"
2018,127,5.4,"mute"
2014,1,5.7,"timeline"
2016,100,5.7,"kill command"
2019,117,5.1,"firebrand"
2019,89,7.2,"paddleton"
2018,131,8.1,"shonar pahar"
2014,91,4.6,"the prince"
2016,75,5.8,"magnus"
2018,103,3.8,"the intent 2: the come up"
2012,150,7.3,"lincoln"
2017,100,6.8,"the bachelors"
2017,93,7.7,"the breadwinner"
2016,129,4.6,"mirzya"
2018,84,4,"all light will end"
2018,91,4.8,"await further instructions"
2017,93,7.9,"manusangada"
2018,91,4.2,"viking destiny"
2016,94,5.8,"trash fire"
2018,90,5.1,"postcards from london"
2017,87,5.7,"dismissed"
2018,96,6.6,"genius"
2015,1,5.9,"the returned"
2016,87,4.1,"kill ratio"
2016,134,7.6,"madaari"
2016,128,7.3,"te3n"
2015,114,6.4,"black sea"
2017,89,5.7,"the super"
2018,96,6.4,"irreplaceable you"
2008,128,5.6,"milk"
2016,91,4.3,"operator"
2016,103,6.5,"alone in berlin"
2017,113,6.3,"anchor and hope"
2012,103,6.3,"buddies"
2004,102,7,"chameli"
2012,97,6.3,"fatso"
2018,132,6.9,"neevevaro"
2018,89,5.3,"never heard"
2018,102,5,"outlawed"
2006,120,6.7,"pyaar ke side effects"
2018,82,5.9,"the breaker upperers"
2017,85,3.4,"the detained"
2008,115,3.7,"ugly aur pagli"
2018,130,5.5,"yucatán"
2011,150,6.4,"fakta ladh mhana"
2006,132,6.8,"matichya chuli"
2010,1,6.6,"powder"
2013,127,7.3,"premachi goshta"
2009,104,6.1,"solomon kane"
2012,162,7.2,"tukaram"
2009,120,7,"zenda"
2015,79,6.5,"aram, aram"
2016,88,3.7,"la coppia dei campioni"
2016,1,5.4,"spark"
2017,57,6.7,"grass"
2017,71,5.2,"girlfriend's day"
2016,1,6.7,"white nights"
2015,95,4.6,"sister code"
2009,112,6.7,"merantau"
2014,124,6.7,"clouds of sils maria"
2018,93,6.9,"we the animals"
2016,97,6.3,"david brent: life on the road"
2002,101,7,"about a boy"
2000,110,7.7,"billy elliot"
2010,82,4.3,"cats & dogs: the revenge of kitty galore"
2018,100,7.3,"dear ex"
2015,127,5.5,"guilty"
2018,91,5.1,"malicious"
2009,99,6.3,"ninja assassin"
2016,105,6.1,"personal shopper"
2019,1,6,"russian doll"
2018,1,6.3,"sparta"
2016,105,7.3,"the edge of seventeen"
2018,88,4.5,"the witch files"
2019,113,5.7,"velvet buzzsaw"
2005,93,5.5,"æon flux"
2016,94,6.1,"emo the musical"
2017,88,6.7,"inxeba"
2016,143,6.8,"master"
2017,117,6.4,"newness"
2016,96,4.9,"paint it black"
2015,116,6.5,"chauthi koot"
2015,154,5.6,"dilwale"
2014,179,5.8,"happy new year"
2015,93,6.4,"haraamkhor"
2016,99,4.8,"indiscretion"
2016,104,4.4,"la última fiesta"
2016,94,5.1,"maroon"
2017,92,6.2,"it comes at night"
2018,85,5.9,"entanglement"
2016,1,4.5,"captive"
2016,108,6.3,"spectral"
2010,93,6.5,"from paris with love"
2019,172,5.2,"saaho"
2013,90,6.3,"the art of the steal"
2011,105,5.8,"the dancer"
2003,124,5.6,"the gathering"
2011,102,7.6,"delhi belly"
2017,89,5.7,"el camino christmas"
1986,162,7.4,"jaal"
2008,147,7.5,"jaane tu... ya jaane na"
1991,163,4.5,"shikari"
2007,162,8.4,"taare zameen par"
2016,90,4.9,"kickboxer: vengeance"
2016,97,6.8,"other people"
2009,108,5.6,"imagine that"
2018,110,6.6,"dumplin'"
2019,137,8,"marriage story"
2011,120,6.2,"the rum diary"
2016,81,4.7,"blue jay"
2016,104,5.8,"the model"
2019,85,5.3,"a christmas prince: the royal baby"
2019,1,5.4,"home for christmas"
2018,116,6.7,"breath"
2016,97,6.3,"the good neighbor"
2019,109,6.3,"let's dance"
2018,106,4.5,"god's not dead: a light in darkness"
2017,109,7.2,"the cakemaker"
2003,121,7.8,"3 deewarein"
2011,164,6.2,"aarakshan"
2006,122,7,"ahista ahista"
2019,85,5.6,"albert pinto ko gussa kyun aata hai?"
1977,172,7.5,"amar akbar anthony"
2007,134,6.7,"anwar"
2009,95,6.8,"barah aana"
1972,125,8,"bawarchi"
1982,121,7.3,"bazaar"
2019,90,4.1,"benchwarmers 2: breaking balls"
2006,151,6.4,"bhagam bhag"
2003,114,6.5,"bhoot"
1973,168,7.1,"bobby"
2000,132,4.7,"chal mere bhai"
1988,87,6,"child's play"
1975,127,8.3,"chupke chupke"
2006,97,6.3,"deadline: sirf 24 ghante"
2007,128,7.3,"dhamaal"
2002,133,6.1,"die another day"
1978,158,7.8,"don"
2002,151,6.5,"encounter: the killing"
1990,163,7.6,"ghayal"
1997,161,6.6,"ghulam-e-musthafa"
1979,137,8.6,"gol maal"
1995,130,7.2,"goldeneye"
2006,148,7.4,"golmaal: fun unlimited"
2001,124,5.9,"heartbreakers"
1976,156,6.8,"hera pheri"
2006,163,6,"jaan-e-mann: let's fall in love... again"
2009,132,6.2,"jail"
1960,181,7.4,"jis desh men ganga behti hai"
2013,125,5.6,"john day"
1997,133,6,"judwaa"
1981,173,6.9,"kaalia"
1982,140,7.9,"katha"
1980,120,7.6,"khubsoorat"
1972,115,8.6,"koshish"
2017,126,6.8,"kuldip patwal: i didn't do it!"
2005,137,5.5,"maine pyaar kyun kiya"
1983,138,8.4,"masoom"
2004,158,6.7,"mujhse shaadi karogi"
1982,171,7.3,"namak halaal"
2018,108,3.8,"phamous"
2017,96,6.1,"phullu"
1974,104,7.3,"rajnigandha"
1985,178,6.7,"ram teri ganga maili"
2005,154,6.7,"ramji londonwaley"
1984,114,6.4,"red dawn"
1983,137,8.4,"sadma"
1964,228,7.5,"sangam"
1982,153,7.2,"satte pe satta"
1990,168,8.1,"shiva"
1977,123,6.6,"swami"
2018,121,6.1,"the dark side of life: mumbai city"
1979,161,6.5,"the great gambler"
2019,1,5.7,"the neighbor"
1999,128,6.4,"the world is not enough"
1997,119,6.5,"tomorrow never dies"
2007,130,6.5,"traffic signal"
1985,134,7,"trikal (past, present, future)"
2017,105,7.2,"union leader"
2018,130,2.9,"veerey ki wedding"
2018,113,5.6,"vodka diaries"
2014,131,6.4,"zed plus"
2018,108,6.1,"secrets in the hot spring"
2012,46,6.1,"todd glass: stand-up special"
2017,82,5.2,"fun mom dinner"
2017,100,4.7,"ghost house"
2010,1,6.5,"teresa"
2017,87,4.3,"you can tutu"
2016,93,5,"dog eat dog"
2015,90,6.1,"anesthesia"
2016,86,6.8,"the autopsy of jane doe"
2016,102,5.8,"goon: last of the enforcers"
2016,98,5.8,"war on everyone"
2019,108,7.1,"wish man"
2018,88,8.5,"silencer"
2012,84,5.6,"rezeta"
2012,116,7.3,"lawless"
2010,112,5.7,"shelter"
2017,105,6.6,"the climb"
2013,130,7,"shrek the musical"
2019,120,4.5,"hot gimmick: girl meets boy"
2012,109,5.4,"life ki toh lag gayi"
2015,101,6,"fifty"
2019,86,6.5,"the secret life of pets 2"
2017,106,4.1,"bibi & tina: tohuwabohu total"
2012,89,7.4,"pusher"
2019,79,2.6,"the app"
2014,110,4.5,"left behind"
2016,115,7.8,"the innocents"
2018,1,5.7,"you"
2017,91,6.2,"mr. roosevelt"
2013,1,6,"kaçak"
2017,91,4.1,"fireworks"
2019,96,4.8,"grand-daddy day care"
2019,83,5.8,"sweetheart"
2018,150,8.4,"avengers: infinity war"
2015,90,5.9,"backtrack"
2019,117,6.4,"como caído del cielo"
2017,89,5.8,"the little hours"
2018,1,7.6,"watership down"
2017,80,6.4,"creep 2"
2016,93,6,"7:19"
2019,90,7.5,"jacob's ladder"
2016,105,7.6,"mr. church"
2017,118,6.3,"bright"
2019,86,5.1,"back of the net"
2017,86,6.2,"lost in london"
2018,105,3.1,"bad seeds"
2018,124,6.6,"bird box"
2018,1,3.6,"perfume"
2018,91,4.7,"what still remains"
2018,1,6.2,"wolf"
2017,94,7.1,"desire"
2019,1,4.4,"agent"
2019,126,7.6,"the two popes"
2011,78,4.6,"23:59"
2015,82,5.1,"lang tong"
2010,72,6.4,"santa's apprentice"
2018,1,4.2,"nightflyers"
2018,155,7.3,"teefa in trouble"
2015,119,7.2,"the lobster"
2017,142,5.3,"jab harry met sejal"
2017,78,3.6,"temple"
2016,90,5.7,"white girl"
2016,88,4.3,"yoga hosers"
2019,1,6.9,"twice upon a time"
2018,90,4.9,"ascharyachakit!"
2017,85,4.3,"miss me this christmas"
2016,86,6.6,"miss stevens"
2016,94,4.3,"total frat movie"
2019,1,7.1,"soundtrack"
2017,97,6.3,"some freaks"
2015,60,4.3,"mike epps: don't take it personal"
2018,85,5.8,"lilli"
2010,119,6.4,"burlesque"
2015,120,7.1,"the danish girl"
2018,137,8.3,"andhadhun"
2014,112,6.9,"kill the messenger"
2014,112,6.2,"maps to the stars"
2014,123,7.7,"the theory of everything"
2016,105,5.8,"barry"
2016,88,3.5,"rats"
2016,110,6.5,"a family man"
2015,134,4.6,"bangistan"
2001,185,8.1,"dil chahta hai"
2015,174,6.9,"dil dhadakne do"
2011,148,7.1,"don 2"
2013,135,6.9,"fukrey"
2011,135,5,"game"
2007,119,6.1,"honeymoon travels pvt. ltd."
2017,98,6.3,"isoken"
2010,135,7,"karthik calling karthik"
2004,185,7.9,"lakshya"
2009,156,7.1,"luck by chance"
2017,104,4,"potato potahto"
2008,139,7.7,"rock on!!"
2012,140,7.2,"talaash"
2018,65,5.8,"underdogs"
2011,154,8.1,"zindagi na milegi dobara"
2018,90,5,"f.r.e.d.i."
2017,84,7.7,"kita kita"
2015,87,5.8,"the bad education movie"
2018,145,6.2,"vanjagar ulagam"
2008,143,6.4,"1920"
2017,1,8.2,"black"
2016,92,5.3,"brave new jersey"
2015,81,6.6,"breaking free"
2017,105,5.7,"christmas inheritance"
2017,1,6.1,"erased"
2016,118,5.7,"gelo"
2017,89,5.2,"mantra"
2017,128,8,"muramba"
2017,86,5.3,"pottersville"
2013,83,3.6,"rise of the zombie"
2015,109,7,"seoul searching"
2015,93,5.5,"3 türken & ein baby"
2016,1,5.2,"cannabis"
2018,135,7.4,"roma"
2018,109,6.3,"samson"
2019,129,6.1,"6 underground"
2012,94,5,"silent hill: revelation"
2019,95,5.5,"the 9th precinct"
2017,1,7.5,"tokyo trial"
2016,108,6.6,"the trip to spain"
2017,106,6.7,"viceroy's house"
2014,103,6.2,"get santa"
2019,143,7.5,"the sky is pink"
2015,86,5.3,"standoff"
2016,81,4.3,"red christmas"
2017,94,3.6,"the hatred"
2015,120,4.8,"the ridiculous 6"
2016,107,5,"gehenna: where death lives"
2016,110,6.5,"goldstone"
1998,82,6.3,"a night at the roxbury"
2002,94,6.2,"austin powers in goldmember"
1997,90,7,"austin powers: international man of mystery"
1999,95,6.6,"austin powers: the spy who shagged me"
2014,93,6.1,"cut bank"
2019,94,5.6,"dead kids"
2005,117,7.3,"hustle & flow"
2017,135,6.6,"jindua"
1996,131,7.7,"primal fear"
2018,137,8.4,"qismat"
2018,1,4.1,"suits"
2017,93,6.2,"sweet virginia"
2009,1,5,"the bachelor"
2006,151,8.5,"the departed"
2017,104,5.8,"the tribes of palos verdes"
2017,133,2.5,"thug life"
2015,126,6.2,"why me?"
2011,122,4.5,"a beautiful life"
2009,87,6.9,"accident"
2018,98,2,"battle"
2011,115,5.5,"don't go breaking my heart"
2015,146,7,"faraar"
2004,122,6.8,"hellboy"
2017,124,7.5,"power paandi"
2008,123,7.6,"seven pounds"
2018,85,7.6,"the little mermaid"
2017,123,6.8,"bhouri"
2015,124,8.6,"eh janam tumhare lekhe"
2010,97,2.8,"hisss"
2017,81,2.6,"monster island"
2013,106,5.8,"prague"
2015,140,6.4,"sardaar ji"
2012,121,3.9,"tezz"
2016,99,5.2,"the worthy"
2015,116,4.9,"interrogation"
2012,1,6.2,"k"
2015,101,5.3,"natural selection"
2016,92,5.9,"rainbow time"
2016,72,6.9,"the violin player"
2019,1,4.2,"the family"
2018,104,5.6,"perdida"
2017,88,3.8,"black site delta"
2014,1,4.6,"bad guys"
2019,1,5.5,"dollar"
2011,91,4.3,"judy moody and the not bummer summer"
2018,103,5.1,"st. agatha"
2019,117,7.8,"badla"
2016,95,7,"the black room"
2015,114,7.1,"crazy beautiful you"
2018,84,4.3,"professor mack"
2016,101,5.6,"lady bloodfight"
2016,107,6.6,"the little prince"
2014,143,8.2,"2 states"
2016,127,4.4,"baaghi"
2018,100,6.8,"brij mohan amar rahe"
2017,121,5.1,"icarus"
2017,103,6.4,"message from the king"
2013,135,6,"chennai express"
2019,84,6.7,"back to school"
2018,91,4.3,"feo pero sabroso"
2019,102,4.9,"mi amigo alexis"
2017,81,4.4,"misfit"
2018,104,6.1,"like father"
2019,81,2.9,"expo"
2019,98,5.6,"falling inn love"
2019,110,6.1,"kardec"
2013,106,7.4,"starred up"
2017,141,6.3,"naam shabana"
2017,120,7.1,"qarib qarib singlle"
2017,140,6.6,"spyder"
2015,92,5.9,"3 generations"
2016,81,4.4,"menorca"
2016,98,6.1,"buster's mal heart"
2016,95,5.6,"madre"
2016,92,5.3,"xoxo"
2018,92,6.2,"one last thing"
1998,104,4.9,"head on"
2017,116,6.3,"berlin syndrome"
2016,95,6.3,"pekak"
2015,90,5.4,"abzurdah"
2019,91,6.3,"fanatic"
2018,1,4.5,"ghoul"
2018,90,5.8,"the after party"
2018,135,6.2,"marriage palace"
2013,123,6.5,"the congress"
2017,93,5.1,"the lodgers"
2016,94,5.3,"sadie's last days on earth"
2017,110,7.5,"bareilly ki barfi"
2017,162,7.6,"mersal"
2017,139,5.1,"mom"
2013,92,4.4,"kl zombi"
2002,167,6.4,"gangs of new york"
2016,104,5.6,"camera store"
2015,114,7.9,"dhanak"
1995,102,6.8,"now and then"
2019,101,6.1,"otherhood"
2019,116,7.2,"uriyadi 2"
2011,148,6.1,"7 khoon maaf"
2011,127,7.4,"chillar party"
2013,96,5.7,"concussion"
2016,82,5.4,"emelie"
2008,158,6.9,"fashion"
2016,124,5.4,"fitoor"
2000,163,6.1,"fiza"
2010,121,7.4,"guzaarish"
2014,154,8.1,"haider"
2014,127,6.2,"highway"
2012,98,4.6,"joker"
2016,168,5.7,"mohenjo daro"
2010,162,7.1,"raajneeti"
2006,159,8.2,"rang de basanti"
2012,137,5.7,"rowdy rathore"
2015,133,7.3,"tamasha"
2010,125,2.5,"tees maar khan"
2012,127,5.8,"tere naal love ho gaya"
2011,131,4.7,"thank you"
2005,90,7.5,"the blue umbrella"
2013,91,3.5,"barrio universitario"
2015,91,7.1,"héroes"
2016,104,6,"hide and seek"
2016,1,7.1,"fearless"
2016,80,5.8,"i'll sleep when i'm dead"
2018,95,6.6,"peter rabbit"
2017,124,6.9,"what happened to monday"
2017,119,6.6,"same kind of different as me"
2017,1,5,"ultraviolet"
2019,95,6.2,"for love or money"
2019,100,4.4,"sextuplets"
2018,150,7.6,"bhavesh joshi superhero"
1995,79,6.5,"loving you"
2014,106,6.7,"wish i was here"
2019,1,4.6,"til death do us part"
2015,131,5.8,"bioscope"
2015,105,6.7,"for here or to go?"
2017,134,7.2,"hostiles"
2018,85,4.7,"hurricane bianca: from russia with hate"
2009,203,4.6,"what's your raashee?"
2017,101,6.1,"barbecue"
2011,92,6.8,"goon"
2015,91,4.4,"my ex-ex"
2001,1,5.1,"behind enemy lines"
2019,119,8,"uyare"
2015,1,8.1,"persona"
2017,94,5.5,"the outcasts"
2019,123,3.3,"90 ml"
2016,82,4,"hot property"
2017,97,7.8,"naked"
2018,1,6.3,"afflicted"
2018,120,7,"beyond the clouds"
2018,124,7.4,"the guernsey literary and potato peel pie society"
2018,95,6.4,"the package"
2016,89,6.5,"alive and kicking"
2015,83,5.3,"demonic"
2009,164,8.4,"3 idiots"
2018,87,4.2,"are we done yet?"
2010,106,6.9,"clash of the titans"
2003,116,6.3,"darna mana hai"
2004,134,7.6,"ek hasina thi"
2012,133,6.4,"ferrari ki sawaari"
1994,118,7,"four weddings and a funeral"
2013,120,6.5,"horns"
1997,154,7.5,"jackie brown"
2015,128,5.3,"jupiter ascending"
2015,115,6.2,"last knights"
2018,177,7.9,"manu"
2002,112,6.8,"panic room"
1976,120,8.1,"rocky"
1979,119,7.3,"rocky ii"
1982,100,6.8,"rocky iii"
1985,92,6.9,"rocky iv"
1990,104,5.3,"rocky v"
2018,88,4.2,"running out of time"
2003,128,6.7,"something's gotta give"
2000,130,6.4,"space cowboys"
2016,98,7.1,"wazir"
2018,89,4.4,"white chamber"
2012,88,5,"chernobyl diaries"
2018,83,6.1,"flock of four"
1997,89,6.5,"hero"
2017,87,5.3,"invisible"
2010,79,5,"kung fu magoo"
2013,119,5.4,"mahabharat"
2017,80,4.6,"mater"
2017,126,5.3,"rangreza"
2018,115,8.2,"sudani from nigeria"
2015,86,4.7,"the diabolical"
2009,108,6.4,"the informant!"
2001,94,6.4,"the parole officer"
2017,151,8.2,"tikli and laxmi bomb"
2015,89,5.8,"a sort of homecoming"
2016,92,5,"all hallows' eve"
2016,92,5.6,"annabelle hooper and the ghosts of nantucket"
2016,91,5.5,"below her mouth"
2012,172,7.4,"cloud atlas"
2014,1,4,"entangled"
2016,95,7.1,"handsome devil"
2016,80,5.4,"jessica darling's it list"
2016,84,8,"opening night"
2016,97,5.6,"raising the bar"
1994,63,6.7,"children of god"
2015,128,7.4,"holding the man"
2013,94,4.3,"movie 43"
2018,89,4,"the basement"
2016,94,5.9,"the tiger hunter"
2016,82,5.5,"hush"
2015,1,5.4,"residue"
2017,93,5.8,"24 hours to live"
2016,85,4.7,"strike a pose"
2017,89,6.2,"win it all"
2018,91,4.2,"between worlds"
2015,128,5.7,"queen of the desert"
2018,75,5.8,"6 balloons"
2018,96,6.9,"amateur"
2017,94,6.2,"sun dogs"
2016,76,6.2,"the eyes of my mother"
2019,88,2.6,"alien warfare"
2019,97,6.6,"backfire"
2018,110,6.8,"lupt"
2019,170,7.2,"petta"
2019,1,6.6,"quicksand"
2019,92,5.5,"unicorn store"
2018,91,3.4,"day of the dead: bloodline"
2019,1,6.9,"possessed"
2015,115,5.8,"ali baba ve 7 cüceler"
2016,107,2.8,"bir baba hindu"
2016,104,5.1,"görümce"
2016,100,5.6,"küçük esnaf"
2005,104,7.4,"organize isler"
2004,1,7.1,"the outsiders"
2017,115,6.6,"running shaadi"
2018,1,6.1,"tango"
2018,100,5.2,"honey: rise up and dance"
2017,105,7.4,"ittefaq"
2016,110,6.3,"crd"
2018,119,6.7,"teen aur aadha"
2016,101,5.8,"special correspondents"
2017,95,5.8,"small crimes"
2013,1,4.5,"africa"
2016,163,7,"american honey"
2018,93,5.8,"candy jar"
2018,117,5.1,"the week of"
2012,96,7.2,"kon-tiki"
2018,125,7.6,"njan prakashan"
2011,95,5.4,"season of the witch"
2012,99,7,"the sapphires"
2017,110,5,"kickboxer: retaliation"
2015,95,4.5,"the daughter"
2018,98,3.5,"aurora"
2018,90,5.6,"goosebumps 2: haunted halloween"
2009,96,6.4,"the ugly truth"
2016,149,7.6,"dear zindagi"
2016,106,6.8,"shepherds and butchers"
2017,88,4.2,"furthest witness"
2018,70,3,"the last resort"
2017,113,6.3,"sand castle"
2017,83,6.5,"tramps"
2018,89,5.1,"paper year"
2018,97,5.1,"dude"
2018,105,6.8,"kodachrome"
2012,76,4.4,"mac & devin go to high school"
2016,86,5.4,"boy bye"
2019,120,5.5,"ek ladki ko dekha toh aisa laga"
2015,76,6.9,"jagat"
2014,103,6.4,"good kill"
2015,101,5,"the d train"
2018,90,5.3,"brampton's own"
2016,100,7.9,"i, daniel blake"
2019,102,6.3,"music teacher"
2014,98,3.5,"roh's beauty"
2019,92,6.2,"someone great"
2014,73,4.1,"warda"
2016,92,4,"friend request"
2014,113,6.5,"a little chaos"
2018,81,4.3,"de film van dylan haegens"
2015,1,5.4,"the messengers"
2013,93,5.8,"21 & over"
2013,123,7.8,"about time"
2007,96,5.4,"evan almighty"
2018,101,6,"jonathan"
2009,109,5.8,"cirque du freak: the vampire's assistant"
2016,77,6.1,"porto"
2014,1,5.5,"star-crossed"
2005,141,5.7,"ek khiladi ek haseena"
2003,111,7.9,"hazaaron khwaishein aisi"
2003,131,7.2,"jhankaar beats"
2003,116,5.2,"mumbai matinee"
2018,119,7,"rainbow jelly"
2005,146,5.1,"shabd"
2018,82,5.7,"the new romantic"
2017,107,5.3,"beyond skyline"
2015,92,6.4,"a patch of fog"
2014,97,4.8,"bibi & tina"
2010,1,6.3,"rosario tijeras"
2017,99,7.1,"slam"
2016,101,4.8,"the wedding party"
2015,95,6,"band of robbers"
2016,127,6.7,"belgica"
2018,90,3.4,"antidote"
2018,87,3.7,"thriller"
2009,99,7.1,"nowhere boy"
2017,131,5.2,"sandy wexler"
2016,111,7.1,"the chosen"
2018,105,6,"come sunday"
2018,1,5.2,"lost in space"
2016,129,5.8,"azhar"
2017,94,6.6,"band aid"
2018,103,5.8,"buffalo boys"
2013,85,4.3,"horror story"
2019,1,6.9,"special"
2019,91,5.8,"the perfect date"
2016,101,5.8,"macho"
2018,105,5,"#roxy"
2017,85,3.7,"frat star"
2016,1,6,"the miracle"
2019,118,5.3,"706"
2015,88,5.5,"across the line"
2011,110,6.9,"arthur"
2007,113,6.4,"fracture"
2008,110,6.5,"get smart"
2007,126,7,"p.s. i love you"
2006,89,6.3,"penelope"
2018,124,6.5,"pinky memsaab"
2009,128,6.4,"sherlock holmes"
2001,88,5.5,"spy kids"
2003,83,4.3,"spy kids 3: game over"
2017,96,4.2,"the bye bye man"
2018,1,4.2,"the calling"
2016,118,4.5,"the legend of michael mishra"
2017,91,6,"the trap"
2015,91,5.4,"the trust"
2019,1,6.2,"ultraman"
2007,103,6.2,"war"
2016,104,7.9,"a billion colour story"
1993,101,5.8,"a dangerous woman"
1986,80,6.9,"an american tail"
1991,75,6.5,"an american tail: fievel goes west"
1995,78,7.1,"balto"
1995,166,7.9,"barsaat"
2009,132,6.2,"billu"
1989,117,6.3,"dad"
2015,100,6.4,"dare to be wild"
2002,176,5.3,"dil hai tumhaara"
1995,116,6.3,"how to make an american quilt"
2000,149,5.9,"kya kehna"
2017,1,4.6,"loaded"
2004,171,7,"main hoon na"
2016,116,5.5,"metro"
2007,169,6.7,"om shanti om"
2005,134,6.5,"paheli"
2000,159,6.2,"phir bhi dil hai hindustani"
2017,103,6.4,"rukh"
2016,173,8.3,"sairat"
1993,195,8.9,"schindler's list"
2015,111,6.3,"secret in their eyes"
2008,110,6.9,"the duchess"
2016,94,7.3,"una"
2016,88,4,"deuces"
1971,143,5.4,"elaan"
2015,83,4.6,"five nights in maine"
2014,107,7.9,"killa"
2015,1,6.3,"razia sultan"
1975,134,5.4,"salaakhen"
2017,78,3.5,"skins"
2016,106,5.9,"toro"
2007,70,6.1,"frank and cindy"
2015,5,5.8,"haven"
2019,2,4.5,"elite"
2018,7,6.1,"once upon a time"
2019,3,5.3,"glitch"
2017,3,6,"dark matter"
2016,5,5.7,"person of interest"
2016,3,4.9,"penny dreadful"
2017,7,4.8,"offspring"
2019,3,2.9,"scream"
2018,9,6.7,"the walking dead"
2019,2,6.9,"baby"
2019,2,5.1,"chosen"
2019,2,3.6,"haunted"
1968,3,7.9,"star trek"
2017,4,5.9,"man down"
2018,6,5.8,"house of cards"
1998,5,6.3,"goosebumps"
2008,2,7.5,"clannad"
2018,2,3.9,"mars"
2019,3,6.2,"the deep"
2013,3,7.4,"grand hotel"
2019,4,3.8,"lucifer"
2019,2,6.4,"bad blood"
2019,14,6.2,"supernatural"
2016,5,3.7,"hell on wheels"
2017,3,4.6,"bloodline"
2018,7,6.5,"scandal"
2017,4,4.1,"inspector gadget"
2019,2,3.8,"the rain"
2019,3,5.8,"easy"
1977,10,7,"dad's army"
2017,6,6.8,"father brown"
2017,2,2.9,"wake up"
2018,12,7.9,"trailer park boys"
2018,3,6.8,"versailles"
2019,2,5,"black lightning"
2018,3,6.3,"angry birds"
2017,4,2.4,"the night shift"
2019,3,7.2,"dope"
2019,3,2.5,"slasher"
2019,2,3.5,"dark"
2018,3,7.2,"shooter"
2019,2,6.6,"el desconocido"
2016,2,4.2,"between"
2018,2,5.4,"taken"
2019,3,6.8,"a series of unfortunate events"
2018,2,6.7,"the paper"
2018,2,5.2,"the break"
2018,2,6.5,"marseille"
2018,2,6.9,"bordertown"
2013,4,7.9,"spartacus"
2016,3,7.2,"from dusk till dawn"
2017,2,3,"occupied"
2017,2,6.2,"borderline"
2014,3,7.1,"bad education"
2018,2,6.6,"flowers"
2012,5,3.8,"merlin"
2014,2,8.3,"the apartment"
2018,3,6.1,"wanted"
2016,2,6.2,"outlander"
2018,3,6.1,"van helsing"
2019,3,6.1,"dear white people"
2008,2,6.1,"jericho"
2017,11,7.3,"heartland"
2019,2,5.8,"the protector"
2019,5,3.7,"cuckoo"
2012,2,3.7,"justin time"
2012,8,6,"weeds"
2003,10,6.6,"friends"
